17:00:00bl041417.csv 0	,510517,392536243,-764906084,20.00,1,120000,333,6,7,4000,23104987,2260,2654524,26.55,56.78,42.39,0.00,0.00,0.00,0.00,
17:00:00bl041417.csv 0	,510802,392536243,-764906084,20.00,1,120000,333,6,7,4000,23278004,2269,1638304,16.38,59.05,44.03,0.00,0.00,0.00,0.00,
17:00:00bl041417.csv 0	,511135,392536243,-764906084,20.00,1,120000,333,6,7,4000,23278004,2269,1638304,16.38,61.32,45.66,0.00,0.00,0.00,0.00,
17:00:01bl041417.csv 0	,511473,392536243,-764906084,20.00,1,120000,333,6,7,4000,23278004,2269,1638304,16.38,63.59,47.30,0.00,0.00,0.00,0.00,
17:00:01bl041417.csv 0	,511800,392536243,-764906084,20.00,1,120000,333,6,7,4000,23339104,2284,514680,5.15,65.87,47.82,0.00,0.00,0.00,0.00,
17:00:01bl041417.csv 0	,512134,392536243,-764906084,20.00,1,120000,333,6,7,4000,23339104,2284,514680,5.15,68.15,48.33,0.00,0.00,0.00,0.00,
17:00:02bl041417.csv 0	,512472,392536243,-764906084,20.00,1,120000,333,6,7,4000,23339104,2284,514680,5.15,70.44,48.85,0.00,0.00,0.00,0.00,
17:00:02bl041417.csv 0	,512800,392536243,-764906084,20.00,1,120000,333,6,7,4000,23243021,2292,-724517,-7.25,72.73,0.00,0.00,0.00,0.00,0.00,
17:00:02bl041417.csv 0	,513133,392536243,-764906084,20.00,1,120000,333,6,7,4000,23243021,2292,-724517,-7.25,75.02,-0.72,0.00,0.00,0.00,0.00,
17:00:03bl041417.csv 0	,513470,392536243,-764906084,20.00,1,120000,333,6,7,4000,23243021,2292,-724517,-7.25,77.31,-1.45,0.00,0.00,0.00,0.00,
17:00:03bl041417.csv 0	,513799,392536243,-764906084,20.00,1,120000,333,6,7,4000,22873207,2300,-2489456,-24.89,79.61,-3.94,0.00,0.00,0.00,0.00,
17:00:03bl041417.csv 0	,514132,392536243,-764906084,20.00,1,120000,333,6,7,4000,22873207,2300,-2489456,-24.89,81.91,-6.43,0.00,0.00,0.00,0.00,
17:00:04bl041417.csv 0	,514469,392536243,-764906084,20.00,1,120000,333,6,7,4000,22873207,2300,-2489456,-24.89,84.21,-8.92,0.00,0.00,0.00,0.00,
17:00:04bl041417.csv 0	,514798,392536243,-764906084,20.00,1,120000,333,6,7,4000,22178380,2154,-3939335,-39.39,50.00,-8.92,0.00,0.00,0.00,0.00,
17:00:04bl041417.csv 0	,515131,392536243,-764906084,20.00,1,120000,333,6,7,4000,22178380,2154,-3939335,-39.39,50.00,-8.92,0.00,0.00,0.00,0.00,
17:00:05bl041417.csv 0	,515468,392536243,-764906084,20.00,1,120000,333,6,7,4000,22178380,2154,-3939335,-39.39,50.00,-8.92,0.00,0.00,0.00,0.00,
17:00:05bl041417.csv 0	,515797,392536243,-764906084,20.00,1,120000,333,6,7,4000,21226147,2281,-4870191,-48.70,50.00,-8.92,0.00,0.00,0.00,0.00,
17:00:05bl041417.csv 0	,516130,392536243,-764906084,20.00,1,120000,333,6,7,4000,21226147,2281,-4870191,-48.70,50.00,-8.92,0.00,0.00,0.00,0.00,
17:00:06bl041417.csv 0	,516467,392536243,-764906084,20.00,1,120000,333,6,7,4000,21226147,2281,-4870191,-48.70,50.00,-8.92,0.00,0.00,0.00,0.00,
17:00:06bl041417.csv 0	,516693,392536243,-764906084,20.00,1,120000,333,6,7,4000,21226147,2281,-4870191,-48.70,50.00,-8.92,0.00,0.00,0.00,0.00,
17:00:06bl041417.csv 0	,516931,392536243,-764906084,20.00,1,120000,333,6,7,4000,21226147,2281,-4870191,-48.70,50.00,-8.92,0.00,0.00,0.00,0.00,
17:00:06bl041417.csv 0	,517173,392536243,-764906084,20.00,1,120000,333,6,7,4000,21226147,2281,-4870191,-48.70,50.00,-8.92,0.00,0.00,0.00,0.00,
17:00:06bl041417.csv 0	,517406,392536243,-764906084,20.00,1,120000,333,6,7,4000,21226147,2281,-4870191,-48.70,50.00,-8.92,0.00,0.00,0.00,0.00,
17:00:07bl041417.csv 0	,517645,392536243,-764906084,20.00,1,120000,333,6,7,4000,21226147,2281,-4870191,-48.70,50.00,-8.92,0.00,0.00,0.00,0.00,
17:00:07bl041417.csv 0	,517888,392536243,-764906084,20.00,1,120000,333,6,7,4000,21226147,2281,-4870191,-48.70,50.00,-8.92,0.00,0.00,0.00,0.00,
17:00:07bl041417.csv 0	,518125,392536243,-764906084,20.00,1,120000,333,6,7,4000,21226147,2281,-4870191,-48.70,50.00,-8.92,0.00,0.00,0.00,0.00,
17:00:07bl041417.csv 0	,518359,392536243,-764906084,20.00,1,120000,333,6,7,4000,21226147,2281,-4870191,-48.70,50.00,-8.92,0.00,0.00,0.00,0.00,
17:00:08bl041417.csv 0	,518602,392536243,-764906084,20.00,1,120000,333,6,7,4000,21226147,2281,-4870191,-48.70,50.00,-8.92,0.00,0.00,0.00,0.00,
17:00:08bl041417.csv 0	,519328,392536243,-764906084,20.00,1,120000,333,6,7,4000,21226147,2281,-4870191,-48.70,50.00,-8.92,0.00,0.00,0.00,0.00,
17:00:09bl041417.csv 0	,519566,392536243,-764906084,20.00,1,120000,333,6,7,4000,21226147,2281,-4870191,-48.70,50.00,-8.92,0.00,0.00,0.00,0.00,
17:00:09bl041417.csv 0	,519809,392536243,-764906084,20.00,1,120000,333,6,7,4000,21226147,2281,-4870191,-48.70,50.00,-8.92,0.00,0.00,0.00,0.00,
17:00:09bl041417.csv 0	,520042,392536243,-764906084,20.00,1,120000,333,6,7,4000,21226147,2281,-4870191,-48.70,50.00,-8.92,0.00,0.00,0.00,0.00,
17:00:09bl041417.csv 0	,520280,392536243,-764906084,20.00,1,120000,333,6,7,4000,21226147,2281,-4870191,-48.70,50.00,-8.92,0.00,0.00,0.00,0.00,
17:00:10bl041417.csv 0	,520522,392536243,-764906084,20.00,1,120000,333,6,7,4000,21226147,2281,-4870191,-48.70,50.00,-8.92,0.00,0.00,0.00,0.00,
17:00:10bl041417.csv 0	,520756,392536243,-764906084,20.00,1,120000,333,6,7,4000,21226147,2281,-4870191,-48.70,50.00,-8.92,0.00,0.00,0.00,0.00,
17:00:10bl041417.csv 0	,520994,392536243,-764906084,20.00,1,120000,333,6,7,4000,21226147,2281,-4870191,-48.70,50.00,-8.92,0.00,0.00,0.00,0.00,
17:00:10bl041417.csv 0	,521236,392536243,-764906084,20.00,1,120000,333,6,7,4000,21226147,2281,-4870191,-48.70,50.00,-8.92,0.00,0.00,0.00,0.00,
17:00:11bl041417.csv 0	,521487,392536243,-764906084,20.00,1,120000,333,6,7,4000,21226147,2281,-4870191,-48.70,50.00,-8.92,0.00,0.00,0.00,0.00,
17:00:11bl041417.csv 0	,521725,392536243,-764906084,20.00,1,120000,333,6,7,4000,21226147,2281,-4870191,-48.70,50.00,-8.92,0.00,0.00,0.00,0.00,
17:00:11bl041417.csv 0	,521968,392536243,-764906084,20.00,1,120000,333,6,7,4000,21226147,2281,-4870191,-48.70,50.00,-8.92,0.00,0.00,0.00,0.00,
17:00:11bl041417.csv 0	,522201,392536243,-764906084,20.00,1,120000,333,6,7,4000,21226147,2281,-4870191,-48.70,50.00,-8.92,0.00,0.00,0.00,0.00,
17:00:12bl041417.csv 0	,522439,392536243,-764906084,20.00,1,120000,333,6,7,4000,21226147,2281,-4870191,-48.70,50.00,-8.92,0.00,0.00,0.00,0.00,
17:00:12bl041417.csv 0	,522682,392536243,-764906084,20.00,1,120000,333,6,7,4000,21226147,2281,-4870191,-48.70,50.00,-8.92,0.00,0.00,0.00,0.00,
17:00:12bl041417.csv 0	,522915,392536243,-764906084,20.00,1,120000,333,6,7,4000,21226147,2281,-4870191,-48.70,50.00,-8.92,0.00,0.00,0.00,0.00,
17:00:12bl041417.csv 0	,523153,392536243,-764906084,20.00,1,120000,333,6,7,4000,21226147,2281,-4870191,-48.70,50.00,-8.92,0.00,0.00,0.00,0.00,
17:08:50bl041417.csv00	,7637,392530615,-764894503,20.00,0,0,333,6,7,4000,31004299,4000,-4995701,-49.96,50.00,0.00,0.00,0.00,0.00,0.00,
17:54:16bl041417.csv00	,42024,392530615,-764894503,20.00,0,0,333,6,7,4000,31004299,4000,-4995701,-49.96,50.00,0.00,0.00,0.00,0.00,0.00,
17:54:16bl041417.csv00	,42526,392530615,-764894503,20.00,0,0,333,6,7,4000,31004299,4000,-4995701,-49.96,50.00,0.00,0.00,0.00,0.00,0.00,
17:54:17bl041417.csv00	,43131,392530615,-764894503,20.00,0,0,333,6,7,4000,31004299,4000,-4995701,-49.96,50.00,0.00,0.00,0.00,0.00,0.00,
17:54:17bl041417.csv00	,43656,392530615,-764894503,20.00,0,0,333,6,7,4000,1905343,3992,1029110,10.29,53.99,1.03,0.00,0.00,0.00,0.00,
17:54:18bl041417.csv00	,44223,392530615,-764894503,20.00,0,0,333,6,7,4000,1905343,3992,1029110,10.29,57.98,2.06,0.00,0.00,0.00,0.00,
17:54:18bl041417.csv00	,44753,392530615,-764894503,20.00,0,0,333,6,7,4000,1902757,3994,-598260,-5.98,61.98,0.00,0.00,0.00,0.00,0.00,
17:54:19bl041417.csv00	,45280,392530615,-764894503,20.00,0,0,333,6,7,4000,1902757,3994,-598260,-5.98,65.97,-0.60,0.00,0.00,0.00,0.00,
17:54:19bl041417.csv00	,45813,392530615,-764894503,20.00,0,0,333,6,7,4000,1901012,3991,-2762032,-27.62,69.96,-3.36,0.00,0.00,0.00,0.00,
17:54:20bl041417.csv00	,46344,392530615,-764894503,20.00,0,0,333,6,7,4000,1901012,3991,-2762032,-27.62,73.95,-6.12,0.00,0.00,0.00,0.00,
17:54:20bl041417.csv00	,46872,392530615,-764894503,20.00,0,0,333,6,7,4000,1900689,3984,-5227137,-52.27,50.00,-6.12,0.00,0.00,0.00,0.00,
17:57:46bl041417.csv00	,251986,392530615,-764894503,20.00,0,0,333,6,7,4000,1900689,3984,-5227137,-52.27,50.00,0.00,0.00,0.00,0.00,0.00,
17:57:46bl041417.csv00	,252776,392529360,-764890273,50.00,1,120000,333,6,7,4000,8280689,3795,7856949,78.57,50.00,0.00,0.00,0.00,0.00,0.00,
17:57:47bl041417.csv00	,253110,392529360,-764890273,50.00,1,120000,333,6,7,4000,8280689,3795,7856949,78.57,50.00,0.00,0.00,0.00,0.00,0.00,
17:57:47bl041417.csv00	,253449,392529392,-764890381,50.00,1,120000,333,6,7,4000,8255916,3649,7805764,78.06,50.00,0.00,0.00,0.00,0.00,0.00,
17:57:47bl041417.csv00	,253777,392529392,-764890381,50.00,1,120000,333,6,7,4000,8255916,3649,7805764,78.06,50.00,0.00,0.00,0.00,0.00,0.00,
17:57:48bl041417.csv00	,254110,392529392,-764890381,50.00,1,120000,333,6,7,4000,8255916,3649,7805764,78.06,50.00,0.00,0.00,0.00,0.00,0.00,
17:57:48bl041417.csv00	,254447,392529392,-764890381,50.00,1,120000,333,6,7,4000,8358908,3159,7130256,71.30,50.00,0.00,0.00,0.00,0.00,0.00,
17:57:48bl041417.csv00	,254776,392529392,-764890381,50.00,1,120000,333,6,7,4000,8358908,3159,7130256,71.30,50.00,0.00,0.00,0.00,0.00,0.00,
17:57:49bl041417.csv00	,255109,392529392,-764890381,50.00,1,120000,333,6,7,4000,8358908,3159,7130256,71.30,50.00,0.00,0.00,0.00,0.00,0.00,
17:57:49bl041417.csv00	,255446,392529457,-764890598,50.00,1,120000,333,6,7,4000,8403483,2494,6286942,62.87,50.00,0.00,0.00,0.00,0.00,0.00,
17:57:49bl041417.csv00	,255779,392529457,-764890598,50.00,1,120000,333,6,7,4000,8403483,2494,6286942,62.87,50.00,0.00,0.00,0.00,0.00,0.00,
17:57:50bl041417.csv00	,256108,392529457,-764890598,50.00,1,120000,333,6,7,4000,8403483,2494,6286942,62.87,50.00,0.00,0.00,0.00,0.00,0.00,
17:57:50bl041417.csv00	,256441,392529489,-764890707,50.00,1,120000,333,6,7,4000,8556851,2240,5423345,54.23,50.00,0.00,0.00,0.00,0.00,0.00,
17:57:50bl041417.csv00	,256778,392529489,-764890707,50.00,1,120000,333,6,7,4000,8556851,2240,5423345,54.23,50.00,0.00,0.00,0.00,0.00,0.00,
17:57:51bl041417.csv00	,257107,392529489,-764890707,50.00,1,120000,333,6,7,4000,8556851,2240,5423345,54.23,50.00,0.00,0.00,0.00,0.00,0.00,
17:57:51bl041417.csv00	,257440,392529553,-764890923,50.00,1,120000,333,6,7,4000,8632615,2195,4470154,44.70,50.00,0.00,0.00,0.00,0.00,0.00,
17:57:51bl041417.csv00	,257778,392529553,-764890923,50.00,1,120000,333,6,7,4000,8632615,2195,4470154,44.70,50.00,0.00,0.00,0.00,0.00,0.00,
17:57:52bl041417.csv00	,258105,392529553,-764890923,50.00,1,120000,333,6,7,4000,8632615,2195,4470154,44.70,50.00,0.00,0.00,0.00,0.00,0.00,
17:57:52bl041417.csv00	,258439,392529585,-764891032,50.00,1,120000,333,6,7,4000,8756803,2195,3555857,35.56,50.00,0.00,0.00,0.00,0.00,0.00,
17:57:52bl041417.csv00	,258777,392529585,-764891032,50.00,1,120000,333,6,7,4000,8756803,2195,3555857,35.56,50.00,0.00,0.00,0.00,0.00,0.00,
17:57:53bl041417.csv00	,259109,392529585,-764891032,50.00,1,120000,333,6,7,4000,8756803,2195,3555857,35.56,50.00,0.00,0.00,0.00,0.00,0.00,
17:57:53bl041417.csv00	,259439,392529585,-764891032,50.00,1,120000,333,6,7,4000,8904403,2203,2408123,24.08,52.20,2.41,0.00,0.00,0.00,0.00,
17:57:53bl041417.csv00	,259776,392529585,-764891032,50.00,1,120000,333,6,7,4000,8904403,2203,2408123,24.08,54.41,4.82,0.00,0.00,0.00,0.00,
17:57:54bl041417.csv00	,260104,392529585,-764891032,50.00,1,120000,333,6,7,4000,8904403,2203,2408123,24.08,56.61,7.22,0.00,0.00,0.00,0.00,
17:57:54bl041417.csv00	,260437,392529585,-764891032,50.00,1,120000,333,6,7,4000,9007647,2247,1581839,15.82,58.86,8.81,0.00,0.00,0.00,0.00,
17:57:54bl041417.csv00	,260775,392529585,-764891032,50.00,1,120000,333,6,7,4000,9007647,2247,1581839,15.82,61.10,10.39,0.00,0.00,0.00,0.00,
17:57:55bl041417.csv00	,261103,392529585,-764891032,50.00,1,120000,333,6,7,4000,9007647,2247,1581839,15.82,63.35,11.97,0.00,0.00,0.00,0.00,
17:57:55bl041417.csv00	,261436,392529553,-764890923,50.00,1,120000,333,6,7,4000,9121443,2214,515918,5.16,65.56,12.49,0.00,0.00,0.00,0.00,
17:57:55bl041417.csv00	,261773,392529553,-764890923,50.00,1,120000,333,6,7,4000,9121443,2214,515918,5.16,67.78,13.00,0.00,0.00,0.00,0.00,
17:57:56bl041417.csv00	,262102,392529553,-764890923,50.00,1,120000,333,6,7,4000,9121443,2214,515918,5.16,69.99,13.52,0.00,0.00,0.00,0.00,
17:57:56bl041417.csv00	,262435,392529521,-764890815,50.00,1,120000,333,6,7,4000,9180798,2163,-241242,-2.41,72.15,13.28,0.00,0.00,0.00,0.00,
17:57:56bl041417.csv00	,262772,392529521,-764890815,50.00,1,120000,333,6,7,4000,9180798,2163,-241242,-2.41,74.32,13.04,0.00,0.00,0.00,0.00,
17:57:57bl041417.csv00	,263518,392529521,-764890815,50.00,1,120000,333,6,7,4000,9180798,2163,-241242,-2.41,76.48,12.79,0.00,0.00,0.00,0.00,
17:57:57bl041417.csv00	,263846,392529489,-764890707,50.00,1,120000,333,6,7,4000,9179564,2119,-1018480,-10.18,78.60,0.00,0.00,0.00,0.00,0.00,
17:57:58bl041417.csv00	,264179,392529489,-764890707,50.00,1,120000,333,6,7,4000,9179564,2119,-1018480,-10.18,80.72,-1.02,0.00,0.00,0.00,0.00,
17:57:58bl041417.csv00	,264516,392529425,-764890490,50.00,1,120000,333,6,7,4000,9221768,2112,-1447609,-14.48,82.83,-2.47,0.00,0.00,0.00,0.00,
17:57:58bl041417.csv00	,264845,392529425,-764890490,50.00,1,120000,333,6,7,4000,9221768,2112,-1447609,-14.48,84.94,-3.91,0.00,0.00,0.00,0.00,
17:57:59bl041417.csv00	,265178,392529425,-764890490,50.00,1,120000,333,6,7,4000,9221768,2112,-1447609,-14.48,87.06,-5.36,0.00,0.00,0.00,0.00,
17:57:59bl041417.csv00	,265516,392529360,-764890273,50.00,1,120000,333,6,7,4000,9254478,2169,-1608729,-16.09,89.22,-6.97,0.00,0.00,0.00,0.00,
17:57:59bl041417.csv00	,265843,392529360,-764890273,50.00,1,120000,333,6,7,4000,9254478,2169,-1608729,-16.09,91.39,-8.58,0.00,0.00,0.00,0.00,
17:58:00bl041417.csv00	,266177,392529360,-764890273,50.00,1,120000,333,6,7,4000,9254478,2169,-1608729,-16.09,93.56,-10.19,0.00,0.00,0.00,0.00,
17:58:00bl041417.csv00	,266515,392529328,-764890164,50.00,1,120000,333,6,7,4000,9199728,2127,-1670466,-16.70,95.69,-11.86,0.00,0.00,0.00,0.00,
17:58:00bl041417.csv00	,266842,392529328,-764890164,50.00,1,120000,333,6,7,4000,9199728,2127,-1670466,-16.70,97.82,-13.53,0.00,0.00,0.00,0.00,
17:58:01bl041417.csv00	,267176,392529328,-764890164,50.00,1,120000,333,6,7,4000,9199728,2127,-1670466,-16.70,99.94,-15.20,0.00,0.00,0.00,0.00,
17:58:01bl041417.csv00	,267522,392529264,-764889947,50.00,1,120000,333,6,7,4000,9225333,2125,-1660031,-16.60,100.00,-16.86,0.00,0.00,0.00,0.00,
17:58:01bl041417.csv00	,267842,392529264,-764889947,50.00,1,120000,333,6,7,4000,9225333,2125,-1660031,-16.60,100.00,-18.52,0.00,0.00,0.00,0.00,
17:58:02bl041417.csv00	,268174,392529264,-764889947,50.00,1,120000,333,6,7,4000,9225333,2125,-1660031,-16.60,100.00,-20.18,0.00,0.00,0.00,0.00,
17:58:02bl041417.csv00	,268513,392529199,-764889730,50.00,1,120000,333,6,7,4000,9250550,2139,-1683847,-16.84,100.00,-21.86,0.00,0.00,0.00,0.00,
17:58:02bl041417.csv00	,268841,392529199,-764889730,50.00,1,120000,333,6,7,4000,9250550,2139,-1683847,-16.84,100.00,-23.55,0.00,0.00,0.00,0.00,
17:58:03bl041417.csv00	,269173,392529199,-764889730,50.00,1,120000,333,6,7,4000,9250550,2139,-1683847,-16.84,100.00,-25.23,0.00,0.00,0.00,0.00,
17:58:03bl041417.csv00	,269512,392529135,-764889513,50.00,1,120000,333,6,7,4000,9275540,2135,-1626818,-16.27,100.00,-26.86,0.00,0.00,0.00,0.00,
17:58:03bl041417.csv00	,269840,392529135,-764889513,50.00,1,120000,333,6,7,4000,9275540,2135,-1626818,-16.27,100.00,-28.48,0.00,0.00,0.00,0.00,
17:58:04bl041417.csv00	,270173,392529135,-764889513,50.00,1,120000,333,6,7,4000,9275540,2135,-1626818,-16.27,100.00,-30.11,0.00,0.00,0.00,0.00,
17:58:04bl041417.csv00	,270509,392529103,-764889405,50.00,1,120000,333,6,7,4000,9229299,2152,-1543673,-15.44,100.00,-31.65,0.00,0.00,0.00,0.00,
17:58:04bl041417.csv00	,270839,392529103,-764889405,50.00,1,120000,333,6,7,4000,9229299,2152,-1543673,-15.44,100.00,-33.20,0.00,0.00,0.00,0.00,
17:58:05bl041417.csv00	,271172,392529103,-764889405,50.00,1,120000,333,6,7,4000,9229299,2152,-1543673,-15.44,100.00,-34.74,0.00,0.00,0.00,0.00,
17:58:05bl041417.csv00	,271504,392529039,-764889188,50.00,1,120000,333,6,7,4000,9291021,2206,-1231701,-12.32,100.00,-35.97,0.00,0.00,0.00,0.00,
17:58:05bl041417.csv00	,271836,392529039,-764889188,50.00,1,120000,333,6,7,4000,9291021,2206,-1231701,-12.32,100.00,-37.21,0.00,0.00,0.00,0.00,
17:58:06bl041417.csv00	,272171,392529039,-764889188,50.00,1,120000,333,6,7,4000,9291021,2206,-1231701,-12.32,100.00,-38.44,0.00,0.00,0.00,0.00,
17:58:06bl041417.csv00	,272504,392528974,-764888971,50.00,1,120000,333,6,7,4000,9381470,2225,-844848,-8.45,100.00,-39.28,0.00,0.00,0.00,0.00,
17:58:06bl041417.csv00	,272841,392528974,-764888971,50.00,1,120000,333,6,7,4000,9381470,2225,-844848,-8.45,100.00,-40.13,0.00,0.00,0.00,0.00,
17:58:07bl041417.csv00	,273170,392528974,-764888971,50.00,1,120000,333,6,7,4000,9381470,2225,-844848,-8.45,100.00,-40.97,0.00,0.00,0.00,0.00,
17:58:07bl041417.csv00	,273503,392528942,-764888863,50.00,1,120000,333,6,7,4000,9416372,2155,-492018,-4.92,100.00,-41.46,0.00,0.00,0.00,0.00,
17:58:08bl041417.csv00	,274251,392528942,-764888863,50.00,1,120000,333,6,7,4000,9416372,2155,-492018,-4.92,100.00,-41.96,0.00,0.00,0.00,0.00,
17:58:08bl041417.csv00	,274573,392528878,-764888646,50.00,1,120000,333,6,7,4000,9567056,2163,49838,0.50,100.00,-41.91,0.00,0.00,0.00,0.00,
17:58:08bl041417.csv00	,274907,392528878,-764888646,50.00,1,120000,333,6,7,4000,9567056,2163,49838,0.50,100.00,-41.86,0.00,0.00,0.00,0.00,
17:58:09bl041417.csv00	,275245,392528878,-764888646,50.00,1,120000,333,6,7,4000,9567056,2163,49838,0.50,100.00,-41.81,0.00,0.00,0.00,0.00,
17:58:09bl041417.csv00	,275572,392528813,-764888429,50.00,1,120000,333,6,7,4000,9745312,2111,507863,5.08,100.00,0.00,0.00,0.00,0.00,0.00,
17:58:09bl041417.csv00	,275906,392528813,-764888429,50.00,1,120000,333,6,7,4000,9745312,2111,507863,5.08,100.00,0.51,0.00,0.00,0.00,0.00,
17:58:10bl041417.csv00	,276244,392528813,-764888429,50.00,1,120000,333,6,7,4000,9745312,2111,507863,5.08,100.00,1.02,0.00,0.00,0.00,0.00,
17:58:10bl041417.csv00	,276572,392528781,-764888320,50.00,1,120000,333,6,7,4000,9879224,2128,845128,8.45,100.00,1.86,0.00,0.00,0.00,0.00,
17:58:10bl041417.csv00	,276906,392528781,-764888320,50.00,1,120000,333,6,7,4000,9879224,2128,845128,8.45,100.00,2.71,0.00,0.00,0.00,0.00,
17:58:11bl041417.csv00	,277243,392528717,-764888104,50.00,1,120000,333,6,7,4000,10068316,2004,873679,8.74,100.00,3.58,0.00,0.00,0.00,0.00,
17:58:11bl041417.csv00	,277571,392528717,-764888104,50.00,1,120000,333,6,7,4000,10068316,2004,873679,8.74,100.00,4.45,0.00,0.00,0.00,0.00,
17:58:11bl041417.csv00	,277908,392528717,-764888104,50.00,1,120000,333,6,7,4000,10068316,2004,873679,8.74,100.00,5.33,0.00,0.00,0.00,0.00,
17:58:12bl041417.csv00	,278241,392528717,-764888104,50.00,1,120000,333,6,7,4000,10068316,2004,873679,8.74,100.00,6.20,0.00,0.00,0.00,0.00,
17:58:12bl041417.csv00	,278570,392528653,-764887887,50.00,1,120000,333,6,7,4000,10217798,2002,614082,6.14,100.00,6.81,0.00,0.00,0.00,0.00,
17:58:12bl041417.csv00	,278903,392528653,-764887887,50.00,1,120000,333,6,7,4000,10217798,2002,614082,6.14,100.00,7.43,0.00,0.00,0.00,0.00,
17:58:13bl041417.csv00	,279240,392528653,-764887887,50.00,1,120000,333,6,7,4000,10217798,2002,614082,6.14,100.00,8.04,0.00,0.00,0.00,0.00,
17:58:13bl041417.csv00	,279569,392528588,-764887670,50.00,1,120000,333,6,7,4000,10324489,2023,265783,2.66,100.00,8.31,0.00,0.00,0.00,0.00,
17:58:13bl041417.csv00	,279902,392528588,-764887670,50.00,1,120000,333,6,7,4000,10324489,2023,265783,2.66,100.00,8.57,0.00,0.00,0.00,0.00,
17:58:14bl041417.csv00	,280240,392528588,-764887670,50.00,1,120000,333,6,7,4000,10324489,2023,265783,2.66,100.00,8.84,0.00,0.00,0.00,0.00,
17:58:14bl041417.csv00	,280567,392528524,-764887453,50.00,1,120000,333,6,7,4000,10382656,2043,-128394,-1.28,100.00,8.71,0.00,0.00,0.00,0.00,
17:58:14bl041417.csv00	,280901,392528524,-764887453,50.00,1,120000,333,6,7,4000,10382656,2043,-128394,-1.28,100.00,8.58,0.00,0.00,0.00,0.00,
17:58:15bl041417.csv00	,281234,392528524,-764887453,50.00,1,120000,333,6,7,4000,10382656,2043,-128394,-1.28,100.00,8.46,0.00,0.00,0.00,0.00,
17:58:15bl041417.csv00	,281570,392528460,-764887236,50.00,1,120000,333,6,7,4000,10402619,1993,-485507,-4.86,100.00,0.00,0.00,0.00,0.00,0.00,
17:58:15bl041417.csv00	,281900,392528460,-764887236,50.00,1,120000,333,6,7,4000,10402619,1993,-485507,-4.86,100.00,-0.49,0.00,0.00,0.00,0.00,
17:58:16bl041417.csv00	,282233,392528460,-764887236,50.00,1,120000,333,6,7,4000,10402619,1993,-485507,-4.86,100.00,-0.97,0.00,0.00,0.00,0.00,
17:58:16bl041417.csv00	,282571,392528395,-764887019,50.00,1,120000,333,6,7,4000,10385044,1951,-886710,-8.87,100.00,-1.86,0.00,0.00,0.00,0.00,
17:58:16bl041417.csv00	,282898,392528395,-764887019,50.00,1,120000,333,6,7,4000,10385044,1951,-886710,-8.87,100.00,-2.74,0.00,0.00,0.00,0.00,
17:58:17bl041417.csv00	,283232,392528331,-764886802,50.00,1,120000,333,6,7,4000,10328471,2038,-1334949,-13.35,100.00,-4.08,0.00,0.00,0.00,0.00,
17:58:17bl041417.csv00	,283570,392528331,-764886802,50.00,1,120000,333,6,7,4000,10328471,2038,-1334949,-13.35,100.00,-5.41,0.00,0.00,0.00,0.00,
17:58:17bl041417.csv00	,283902,392528331,-764886802,50.00,1,120000,333,6,7,4000,10328471,2038,-1334949,-13.35,100.00,-6.75,0.00,0.00,0.00,0.00,
17:58:18bl041417.csv00	,284231,392528331,-764886802,50.00,1,120000,333,6,7,4000,10328471,2038,-1334949,-13.35,100.00,-8.08,0.00,0.00,0.00,0.00,
17:58:19bl041417.csv00	,284984,392528267,-764886585,50.00,1,120000,333,6,7,4000,10238041,2125,-1863727,-18.64,100.00,-9.95,0.00,0.00,0.00,0.00,
17:58:19bl041417.csv00	,285303,392528202,-764886368,50.00,1,120000,333,6,7,4000,10132481,2141,-2238706,-22.39,100.00,-12.19,0.00,0.00,0.00,0.00,
17:58:19bl041417.csv00	,285635,392528202,-764886368,50.00,1,120000,333,6,7,4000,10132481,2141,-2238706,-22.39,100.00,-14.43,0.00,0.00,0.00,0.00,
17:58:20bl041417.csv00	,285974,392528202,-764886368,50.00,1,120000,333,6,7,4000,10132481,2141,-2238706,-22.39,100.00,-16.66,0.00,0.00,0.00,0.00,
17:58:20bl041417.csv00	,286302,392528170,-764886260,50.00,1,120000,333,6,7,4000,9957237,2158,-2617816,-26.18,100.00,-19.28,0.00,0.00,0.00,0.00,
17:58:20bl041417.csv00	,286639,392528170,-764886260,50.00,1,120000,333,6,7,4000,9957237,2158,-2617816,-26.18,100.00,-21.90,0.00,0.00,0.00,0.00,
17:58:21bl041417.csv00	,286971,392528170,-764886260,50.00,1,120000,333,6,7,4000,9957237,2158,-2617816,-26.18,100.00,-24.52,0.00,0.00,0.00,0.00,
17:58:21bl041417.csv00	,287301,392528106,-764886043,50.00,1,120000,333,6,7,4000,9848962,2235,-2661772,-26.62,100.00,-27.18,0.00,0.00,0.00,0.00,
17:58:21bl041417.csv00	,287634,392528106,-764886043,50.00,1,120000,333,6,7,4000,9848962,2235,-2661772,-26.62,100.00,-29.84,0.00,0.00,0.00,0.00,
17:58:22bl041417.csv00	,287970,392528106,-764886043,50.00,1,120000,333,6,7,4000,9848962,2235,-2661772,-26.62,100.00,-32.50,0.00,0.00,0.00,0.00,
17:58:22bl041417.csv00	,288300,392528042,-764885826,50.00,1,120000,333,6,7,4000,9764572,2230,-2505315,-25.05,100.00,-35.01,0.00,0.00,0.00,0.00,
17:58:22bl041417.csv00	,288633,392528042,-764885826,50.00,1,120000,333,6,7,4000,9764572,2230,-2505315,-25.05,100.00,-37.51,0.00,0.00,0.00,0.00,
17:58:23bl041417.csv00	,288971,392528042,-764885826,50.00,1,120000,333,6,7,4000,9764572,2230,-2505315,-25.05,100.00,-40.02,0.00,0.00,0.00,0.00,
17:58:23bl041417.csv00	,289298,392527977,-764885609,50.00,1,120000,333,6,7,4000,9733360,2198,-1910380,-19.10,100.00,-41.93,0.00,0.00,0.00,0.00,
17:58:23bl041417.csv00	,289632,392527977,-764885609,50.00,1,120000,333,6,7,4000,9733360,2198,-1910380,-19.10,100.00,-43.84,0.00,0.00,0.00,0.00,
17:58:24bl041417.csv00	,289970,392527977,-764885609,50.00,1,120000,333,6,7,4000,9733360,2198,-1910380,-19.10,100.00,-45.75,0.00,0.00,0.00,0.00,
17:58:24bl041417.csv00	,290297,392527913,-764885392,50.00,1,120000,333,6,7,4000,9748368,2205,-1310029,-13.10,100.00,-47.06,0.00,0.00,0.00,0.00,
17:58:24bl041417.csv00	,290631,392527913,-764885392,50.00,1,120000,333,6,7,4000,9748368,2205,-1310029,-13.10,100.00,-48.37,0.00,0.00,0.00,0.00,
17:58:25bl041417.csv00	,290969,392527913,-764885392,50.00,1,120000,333,6,7,4000,9748368,2205,-1310029,-13.10,100.00,-49.68,0.00,0.00,0.00,0.00,
17:58:25bl041417.csv00	,291297,392527881,-764885284,50.00,1,120000,333,6,7,4000,9760691,2164,-585516,-5.86,100.00,-50.00,0.00,0.00,0.00,0.00,
17:58:25bl041417.csv00	,291630,392527881,-764885284,50.00,1,120000,333,6,7,4000,9760691,2164,-585516,-5.86,100.00,-50.00,0.00,0.00,0.00,0.00,
17:58:25bl041417.csv00	,291968,392527881,-764885284,50.00,1,120000,333,6,7,4000,9760691,2164,-585516,-5.86,100.00,-50.00,0.00,0.00,0.00,0.00,
17:58:26bl041417.csv00	,292296,392527816,-764885067,50.00,1,120000,333,6,7,4000,9895664,2139,135923,1.36,100.00,-49.86,0.00,0.00,0.00,0.00,
17:58:26bl041417.csv00	,292630,392527816,-764885067,50.00,1,120000,333,6,7,4000,9895664,2139,135923,1.36,100.00,-49.73,0.00,0.00,0.00,0.00,
17:58:26bl041417.csv00	,292962,392527816,-764885067,50.00,1,120000,333,6,7,4000,9895664,2139,135923,1.36,100.00,-49.59,0.00,0.00,0.00,0.00,
17:58:27bl041417.csv00	,293300,392527752,-764884850,50.00,1,120000,333,6,7,4000,10074279,2140,834634,8.35,100.00,0.00,0.00,0.00,0.00,0.00,
17:58:27bl041417.csv00	,293628,392527752,-764884850,50.00,1,120000,333,6,7,4000,10074279,2140,834634,8.35,100.00,0.83,0.00,0.00,0.00,0.00,
17:58:27bl041417.csv00	,293962,392527752,-764884850,50.00,1,120000,333,6,7,4000,10074279,2140,834634,8.35,100.00,1.67,0.00,0.00,0.00,0.00,
17:58:28bl041417.csv00	,294299,392527688,-764884633,50.00,1,120000,333,6,7,4000,10289417,2016,1420935,14.21,100.00,3.09,0.00,0.00,0.00,0.00,
17:58:28bl041417.csv00	,294627,392527688,-764884633,50.00,1,120000,333,6,7,4000,10289417,2016,1420935,14.21,100.00,4.51,0.00,0.00,0.00,0.00,
17:58:29bl041417.csv00	,294965,392527688,-764884633,50.00,1,120000,333,6,7,4000,10289417,2016,1420935,14.21,100.00,5.93,0.00,0.00,0.00,0.00,
17:58:29bl041417.csv00	,295703,392527656,-764884524,50.00,1,120000,333,6,7,4000,10449450,2016,1320793,13.21,100.00,7.25,0.00,0.00,0.00,0.00,
17:58:30bl041417.csv00	,296031,392527656,-764884524,50.00,1,120000,333,6,7,4000,10449450,2016,1320793,13.21,100.00,8.57,0.00,0.00,0.00,0.00,
17:58:30bl041417.csv00	,296364,392527591,-764884308,50.00,1,120000,333,6,7,4000,10604036,2055,987125,9.87,100.00,9.56,0.00,0.00,0.00,0.00,
17:58:30bl041417.csv00	,296701,392527591,-764884308,50.00,1,120000,333,6,7,4000,10604036,2055,987125,9.87,100.00,10.55,0.00,0.00,0.00,0.00,
17:58:31bl041417.csv00	,297030,392527591,-764884308,50.00,1,120000,333,6,7,4000,10604036,2055,987125,9.87,100.00,11.54,0.00,0.00,0.00,0.00,
17:58:31bl041417.csv00	,297363,392527527,-764884091,50.00,1,120000,333,6,7,4000,10709868,2047,660024,6.60,100.00,12.20,0.00,0.00,0.00,0.00,
17:58:31bl041417.csv00	,297701,392527527,-764884091,50.00,1,120000,333,6,7,4000,10709868,2047,660024,6.60,100.00,12.86,0.00,0.00,0.00,0.00,
17:58:32bl041417.csv00	,298028,392527527,-764884091,50.00,1,120000,333,6,7,4000,10709868,2047,660024,6.60,100.00,13.52,0.00,0.00,0.00,0.00,
17:58:32bl041417.csv00	,298372,392527463,-764883874,50.00,1,120000,333,6,7,4000,10768071,2045,250441,2.50,100.00,13.77,0.00,0.00,0.00,0.00,
17:58:32bl041417.csv00	,298700,392527463,-764883874,50.00,1,120000,333,6,7,4000,10768071,2045,250441,2.50,100.00,14.02,0.00,0.00,0.00,0.00,
17:58:33bl041417.csv00	,299032,392527463,-764883874,50.00,1,120000,333,6,7,4000,10768071,2045,250441,2.50,100.00,14.27,0.00,0.00,0.00,0.00,
17:58:33bl041417.csv00	,299362,392527398,-764883657,50.00,1,120000,333,6,7,4000,10780622,1993,-214549,-2.15,100.00,14.05,0.00,0.00,0.00,0.00,
17:58:33bl041417.csv00	,299699,392527398,-764883657,50.00,1,120000,333,6,7,4000,10780622,1993,-214549,-2.15,100.00,13.84,0.00,0.00,0.00,0.00,
17:58:34bl041417.csv00	,300027,392527398,-764883657,50.00,1,120000,333,6,7,4000,10780622,1993,-214549,-2.15,100.00,13.62,0.00,0.00,0.00,0.00,
17:58:34bl041417.csv00	,300361,392527334,-764883440,50.00,1,120000,333,6,7,4000,10746225,2027,-681589,-6.82,100.00,0.00,0.00,0.00,0.00,0.00,
17:58:34bl041417.csv00	,300698,392527334,-764883440,50.00,1,120000,333,6,7,4000,10746225,2027,-681589,-6.82,100.00,-0.68,0.00,0.00,0.00,0.00,
17:58:35bl041417.csv00	,301026,392527334,-764883440,50.00,1,120000,333,6,7,4000,10746225,2027,-681589,-6.82,100.00,-1.36,0.00,0.00,0.00,0.00,
17:58:35bl041417.csv00	,301359,392527270,-764883223,50.00,1,120000,333,6,7,4000,10667671,2029,-1208297,-12.08,100.00,-2.57,0.00,0.00,0.00,0.00,
17:58:35bl041417.csv00	,301705,392527270,-764883223,50.00,1,120000,333,6,7,4000,10667671,2029,-1208297,-12.08,100.00,-3.78,0.00,0.00,0.00,0.00,
17:58:36bl041417.csv00	,302025,392527270,-764883223,50.00,1,120000,333,6,7,4000,10667671,2029,-1208297,-12.08,100.00,-4.99,0.00,0.00,0.00,0.00,
17:58:36bl041417.csv00	,302358,392527205,-764883006,50.00,1,120000,333,6,7,4000,10551274,2108,-1803736,-18.04,100.00,-6.79,0.00,0.00,0.00,0.00,
17:58:36bl041417.csv00	,302694,392527205,-764883006,50.00,1,120000,333,6,7,4000,10551274,2108,-1803736,-18.04,100.00,-8.60,0.00,0.00,0.00,0.00,
17:58:37bl041417.csv00	,303024,392527205,-764883006,50.00,1,120000,333,6,7,4000,10551274,2108,-1803736,-18.04,100.00,-10.40,0.00,0.00,0.00,0.00,
17:58:37bl041417.csv00	,303357,392527141,-764882789,50.00,1,120000,333,6,7,4000,10407835,2138,-2293538,-22.94,100.00,-12.69,0.00,0.00,0.00,0.00,
17:58:37bl041417.csv00	,303695,392527141,-764882789,50.00,1,120000,333,6,7,4000,10407835,2138,-2293538,-22.94,100.00,-14.99,0.00,0.00,0.00,0.00,
17:58:38bl041417.csv00	,304022,392527141,-764882789,50.00,1,120000,333,6,7,4000,10407835,2138,-2293538,-22.94,100.00,-17.28,0.00,0.00,0.00,0.00,
17:58:38bl041417.csv00	,304356,392527077,-764882572,50.00,1,120000,333,6,7,4000,10275826,2179,-2390741,-23.91,100.00,-19.67,0.00,0.00,0.00,0.00,
17:58:38bl041417.csv00	,304694,392527077,-764882572,50.00,1,120000,333,6,7,4000,10275826,2179,-2390741,-23.91,100.00,-22.06,0.00,0.00,0.00,0.00,
17:58:39bl041417.csv00	,305021,392527077,-764882572,50.00,1,120000,333,6,7,4000,10275826,2179,-2390741,-23.91,100.00,-24.45,0.00,0.00,0.00,0.00,
17:58:39bl041417.csv00	,305355,392527045,-764882464,50.00,1,120000,333,6,7,4000,10110381,2193,-2455320,-24.55,100.00,-26.91,0.00,0.00,0.00,0.00,
17:58:39bl041417.csv00	,305693,392527045,-764882464,50.00,1,120000,333,6,7,4000,10110381,2193,-2455320,-24.55,100.00,-29.36,0.00,0.00,0.00,0.00,
17:58:40bl041417.csv00	,306427,392527045,-764882464,50.00,1,120000,333,6,7,4000,10110381,2193,-2455320,-24.55,100.00,-31.82,0.00,0.00,0.00,0.00,
17:58:40bl041417.csv00	,306759,392526980,-764882247,50.00,1,120000,333,6,7,4000,10030359,2234,-2148972,-21.49,100.00,-33.97,0.00,0.00,0.00,0.00,
17:58:41bl041417.csv00	,307098,392526980,-764882247,50.00,1,120000,333,6,7,4000,10030359,2234,-2148972,-21.49,100.00,-36.12,0.00,0.00,0.00,0.00,
17:58:41bl041417.csv00	,307426,392526916,-764882030,50.00,1,120000,333,6,7,4000,9968211,2186,-1959052,-19.59,100.00,-38.08,0.00,0.00,0.00,0.00,
17:58:41bl041417.csv00	,307758,392526916,-764882030,50.00,1,120000,333,6,7,4000,9968211,2186,-1959052,-19.59,100.00,-40.03,0.00,0.00,0.00,0.00,
17:58:42bl041417.csv00	,308097,392526916,-764882030,50.00,1,120000,333,6,7,4000,9968211,2186,-1959052,-19.59,100.00,-41.99,0.00,0.00,0.00,0.00,
17:58:42bl041417.csv00	,308425,392526852,-764881813,50.00,1,120000,333,6,7,4000,9954775,2280,-1464077,-14.64,100.00,-43.46,0.00,0.00,0.00,0.00,
17:58:42bl041417.csv00	,308758,392526852,-764881813,50.00,1,120000,333,6,7,4000,9954775,2280,-1464077,-14.64,100.00,-44.92,0.00,0.00,0.00,0.00,
17:58:43bl041417.csv00	,309094,392526852,-764881813,50.00,1,120000,333,6,7,4000,9954775,2280,-1464077,-14.64,100.00,-46.39,0.00,0.00,0.00,0.00,
17:58:43bl041417.csv00	,309424,392526819,-764881705,50.00,1,120000,333,6,7,4000,9933000,2209,-942171,-9.42,100.00,-47.33,0.00,0.00,0.00,0.00,
17:58:43bl041417.csv00	,309757,392526819,-764881705,50.00,1,120000,333,6,7,4000,9933000,2209,-942171,-9.42,100.00,-48.27,0.00,0.00,0.00,0.00,
17:58:44bl041417.csv00	,310102,392526819,-764881705,50.00,1,120000,333,6,7,4000,9933000,2209,-942171,-9.42,100.00,-49.21,0.00,0.00,0.00,0.00,
17:58:44bl041417.csv00	,310423,392526755,-764881488,50.00,1,120000,333,6,7,4000,10023526,2199,-185374,-1.85,100.00,-49.40,0.00,0.00,0.00,0.00,
17:58:44bl041417.csv00	,310756,392526755,-764881488,50.00,1,120000,333,6,7,4000,10023526,2199,-185374,-1.85,100.00,-49.58,0.00,0.00,0.00,0.00,
17:58:45bl041417.csv00	,311089,392526755,-764881488,50.00,1,120000,333,6,7,4000,10023526,2199,-185374,-1.85,100.00,-49.77,0.00,0.00,0.00,0.00,
17:58:45bl041417.csv00	,311419,392526691,-764881271,50.00,1,120000,333,6,7,4000,10170805,2125,587783,5.88,100.00,0.00,0.00,0.00,0.00,0.00,
17:58:45bl041417.csv00	,311755,392526691,-764881271,50.00,1,120000,333,6,7,4000,10170805,2125,587783,5.88,100.00,0.59,0.00,0.00,0.00,0.00,
17:58:46bl041417.csv00	,312088,392526691,-764881271,50.00,1,120000,333,6,7,4000,10170805,2125,587783,5.88,100.00,1.18,0.00,0.00,0.00,0.00,
17:58:46bl041417.csv00	,312438,392526626,-764881054,50.00,1,120000,333,6,7,4000,10353770,2085,1119542,11.20,100.00,2.30,0.00,0.00,0.00,0.00,
17:58:46bl041417.csv00	,312763,392526626,-764881054,50.00,1,120000,333,6,7,4000,10353770,2085,1119542,11.20,100.00,3.41,0.00,0.00,0.00,0.00,
17:58:47bl041417.csv00	,313087,392526626,-764881054,50.00,1,120000,333,6,7,4000,10353770,2085,1119542,11.20,100.00,4.53,0.00,0.00,0.00,0.00,
17:58:47bl041417.csv00	,313425,392526562,-764880837,50.00,1,120000,333,6,7,4000,10542214,2016,1379998,13.80,100.00,5.91,0.00,0.00,0.00,0.00,
17:58:47bl041417.csv00	,313752,392526562,-764880837,50.00,1,120000,333,6,7,4000,10542214,2016,1379998,13.80,100.00,7.29,0.00,0.00,0.00,0.00,
17:58:48bl041417.csv00	,314086,392526562,-764880837,50.00,1,120000,333,6,7,4000,10542214,2016,1379998,13.80,100.00,8.67,0.00,0.00,0.00,0.00,
17:58:48bl041417.csv00	,314424,392526515,-764880677,50.00,1,120000,333,6,7,4000,10684319,2089,1187870,11.88,100.00,9.86,0.00,0.00,0.00,0.00,
17:58:48bl041417.csv00	,314752,392526515,-764880677,50.00,1,120000,333,6,7,4000,10684319,2089,1187870,11.88,100.00,11.05,0.00,0.00,0.00,0.00,
17:58:49bl041417.csv00	,315086,392526515,-764880677,50.00,1,120000,333,6,7,4000,10684319,2089,1187870,11.88,100.00,12.24,0.00,0.00,0.00,0.00,
17:58:49bl041417.csv00	,315423,392526515,-764880677,50.00,1,120000,333,6,7,4000,10770436,2051,877840,8.78,100.00,13.12,0.00,0.00,0.00,0.00,
17:58:49bl041417.csv00	,315751,392526515,-764880677,50.00,1,120000,333,6,7,4000,10770436,2051,877840,8.78,100.00,13.99,0.00,0.00,0.00,0.00,
17:58:50bl041417.csv00	,316085,392526515,-764880677,50.00,1,120000,333,6,7,4000,10770436,2051,877840,8.78,100.00,14.87,0.00,0.00,0.00,0.00,
17:58:50bl041417.csv00	,316326,392526515,-764880677,50.00,1,120000,333,6,7,4000,10770436,2051,877840,0.00,0.00,0.00,0.00,0.00,0.00,0.00,
17:58:51bl041417.csv00	,317069,392526515,-764880677,50.00,1,120000,333,6,7,4000,10770436,2051,877840,0.00,0.00,0.00,0.00,0.00,0.00,0.00,
17:58:51bl041417.csv00	,317307,392526515,-764880677,50.00,1,120000,333,6,7,4000,10770436,2051,877840,0.00,0.00,0.00,0.00,0.00,0.00,0.00,
17:58:51bl041417.csv00	,317549,392526515,-764880677,50.00,1,120000,333,6,7,4000,10770436,2051,877840,0.00,0.00,0.00,0.00,0.00,0.00,0.00,
17:58:51bl041417.csv00	,317783,392526515,-764880677,50.00,1,120000,333,6,7,4000,10770436,2051,877840,0.00,0.00,0.00,0.00,0.00,0.00,0.00,
17:58:52bl041417.csv00	,318022,392526515,-764880677,50.00,1,120000,333,6,7,4000,10770436,2051,877840,0.00,0.00,0.00,0.00,0.00,0.00,0.00,
17:58:52bl041417.csv00	,318273,392526515,-764880677,50.00,1,120000,333,6,7,4000,10770436,2051,877840,0.00,0.00,0.00,0.00,0.00,0.00,0.00,
17:58:52bl041417.csv00	,318514,392526515,-764880677,50.00,1,120000,333,6,7,4000,10770436,2051,877840,0.00,0.00,0.00,0.00,0.00,0.00,0.00,
17:58:52bl041417.csv00	,318753,392526515,-764880677,50.00,1,120000,333,6,7,4000,10770436,2051,877840,0.00,0.00,0.00,0.00,0.00,0.00,0.00,
17:58:53bl041417.csv00	,318995,392526515,-764880677,50.00,1,120000,333,6,7,4000,10770436,2051,877840,0.00,0.00,0.00,0.00,0.00,0.00,0.00,
17:58:53bl041417.csv00	,319245,392526515,-764880677,50.00,1,120000,333,6,7,4000,10770436,2051,877840,0.00,0.00,0.00,0.00,0.00,0.00,0.00,
17:58:53bl041417.csv00	,319484,392526515,-764880677,50.00,1,120000,333,6,7,4000,10770436,2051,877840,0.00,0.00,0.00,0.00,0.00,0.00,0.00,
17:58:53bl041417.csv00	,319727,392526515,-764880677,50.00,1,120000,333,6,7,4000,10770436,2051,877840,0.00,0.00,0.00,0.00,0.00,0.00,0.00,
17:58:53bl041417.csv00	,319960,392526515,-764880677,50.00,1,120000,333,6,7,4000,10770436,2051,877840,0.00,0.00,0.00,0.00,0.00,0.00,0.00,
17:58:54bl041417.csv00	,320197,392526515,-764880677,50.00,1,120000,333,6,7,4000,10770436,2051,877840,0.00,0.00,0.00,0.00,0.00,0.00,0.00,
17:58:54bl041417.csv00	,320440,392526515,-764880677,50.00,1,120000,333,6,7,4000,10770436,2051,877840,0.00,0.00,0.00,0.00,0.00,0.00,0.00,
17:58:54bl041417.csv00	,320674,392526515,-764880677,50.00,1,120000,333,6,7,4000,10770436,2051,877840,0.00,0.00,0.00,0.00,0.00,0.00,0.00,
17:58:54bl041417.csv00	,320912,392526515,-764880677,50.00,1,120000,333,6,7,4000,10770436,2051,877840,0.00,0.00,0.00,0.00,0.00,0.00,0.00,
17:58:55bl041417.csv00	,321153,392526515,-764880677,50.00,1,120000,333,6,7,4000,10770436,2051,877840,0.00,0.00,0.00,0.00,0.00,0.00,0.00,
17:58:55bl041417.csv00	,321388,392526515,-764880677,50.00,1,120000,333,6,7,4000,10770436,2051,877840,0.00,0.00,0.00,0.00,0.00,0.00,0.00,
17:58:55bl041417.csv00	,321626,392526515,-764880677,50.00,1,120000,333,6,7,4000,10770436,2051,877840,0.00,0.00,0.00,0.00,0.00,0.00,0.00,
17:58:55bl041417.csv00	,321872,392526515,-764880677,50.00,1,120000,333,6,7,4000,10770436,2051,877840,0.00,0.00,0.00,0.00,0.00,0.00,0.00,
17:58:56bl041417.csv00	,322118,392526515,-764880677,50.00,1,120000,333,6,7,4000,10770436,2051,877840,0.00,0.00,0.00,0.00,0.00,0.00,0.00,
17:58:56bl041417.csv00	,322357,392526515,-764880677,50.00,1,120000,333,6,7,4000,10770436,2051,877840,0.00,0.00,0.00,0.00,0.00,0.00,0.00,
17:58:56bl041417.csv00	,322600,392526515,-764880677,50.00,1,120000,333,6,7,4000,10770436,2051,877840,0.00,0.00,0.00,0.00,0.00,0.00,0.00,
17:58:56bl041417.csv00	,322833,392526515,-764880677,50.00,1,120000,333,6,7,4000,10770436,2051,877840,0.00,0.00,0.00,0.00,0.00,0.00,0.00,
17:58:57bl041417.csv00	,323071,392526515,-764880677,50.00,1,120000,333,6,7,4000,10770436,2051,877840,0.00,0.00,0.00,0.00,0.00,0.00,0.00,
17:58:57bl041417.csv00	,323314,392526515,-764880677,50.00,1,120000,333,6,7,4000,10770436,2051,877840,0.00,0.00,0.00,0.00,0.00,0.00,0.00,
17:58:57bl041417.csv00	,323547,392526515,-764880677,50.00,1,120000,333,6,7,4000,10770436,2051,877840,0.00,0.00,0.00,0.00,0.00,0.00,0.00,
17:58:57bl041417.csv00	,323785,392526515,-764880677,50.00,1,120000,333,6,7,4000,10770436,2051,877840,0.00,0.00,0.00,0.00,0.00,0.00,0.00,
17:58:58bl041417.csv00	,324028,392526515,-764880677,50.00,1,120000,333,6,7,4000,10770436,2051,877840,0.00,0.00,0.00,0.00,0.00,0.00,0.00,
17:58:58bl041417.csv00	,324261,392526515,-764880677,50.00,1,120000,333,6,7,4000,10770436,2051,877840,0.00,0.00,0.00,0.00,0.00,0.00,0.00,
17:58:58bl041417.csv00	,324500,392526515,-764880677,50.00,1,120000,333,6,7,4000,10770436,2051,877840,0.00,0.00,0.00,0.00,0.00,0.00,0.00,
17:58:58bl041417.csv00	,324740,392526515,-764880677,50.00,1,120000,333,6,7,4000,10770436,2051,877840,0.00,0.00,0.00,0.00,0.00,0.00,0.00,
17:58:59bl041417.csv00	,324975,392526515,-764880677,50.00,1,120000,333,6,7,4000,10770436,2051,877840,0.00,0.00,0.00,0.00,0.00,0.00,0.00,
17:58:59bl041417.csv00	,325214,392526515,-764880677,50.00,1,120000,333,6,7,4000,10770436,2051,877840,0.00,0.00,0.00,0.00,0.00,0.00,0.00,
17:58:59bl041417.csv00	,325454,392526515,-764880677,50.00,1,120000,333,6,7,4000,10770436,2051,877840,0.00,0.00,0.00,0.00,0.00,0.00,0.00,
17:58:59bl041417.csv00	,325690,392526515,-764880677,50.00,1,120000,333,6,7,4000,10770436,2051,877840,0.00,0.00,0.00,0.00,0.00,0.00,0.00,
17:59:00bl041417.csv00	,325928,392526515,-764880677,50.00,1,120000,333,6,7,4000,10770436,2051,877840,0.00,0.00,0.00,0.00,0.00,0.00,0.00,
17:59:00bl041417.csv00	,326170,392526515,-764880677,50.00,1,120000,333,6,7,4000,10770436,2051,877840,0.00,0.00,0.00,0.00,0.00,0.00,0.00,
17:59:00bl041417.csv00	,326403,392526515,-764880677,50.00,1,120000,333,6,7,4000,10770436,2051,877840,0.00,0.00,0.00,0.00,0.00,0.00,0.00,
17:59:00bl041417.csv00	,326642,392526515,-764880677,50.00,1,120000,333,6,7,4000,10770436,2051,877840,0.00,0.00,0.00,0.00,0.00,0.00,0.00,
17:59:00bl041417.csv00	,326885,392526515,-764880677,50.00,1,120000,333,6,7,4000,10770436,2051,877840,0.00,0.00,0.00,0.00,0.00,0.00,0.00,
17:59:01bl041417.csv00	,327628,392526515,-764880677,50.00,1,120000,333,6,7,4000,10770436,2051,877840,0.00,0.00,0.00,0.00,0.00,0.00,0.00,
17:59:01bl041417.csv00	,327865,392526515,-764880677,50.00,1,120000,333,6,7,4000,10770436,2051,877840,0.00,0.00,0.00,0.00,0.00,0.00,0.00,
17:59:02bl041417.csv00	,328108,392526515,-764880677,50.00,1,120000,333,6,7,4000,10770436,2051,877840,0.00,0.00,0.00,0.00,0.00,0.00,0.00,
17:59:02bl041417.csv00	,328342,392526515,-764880677,50.00,1,120000,333,6,7,4000,10770436,2051,877840,0.00,0.00,0.00,0.00,0.00,0.00,0.00,
17:59:02bl041417.csv00	,328593,392526515,-764880677,50.00,1,120000,333,6,7,4000,10770436,2051,877840,0.00,0.00,0.00,0.00,0.00,0.00,0.00,
17:59:02bl041417.csv00	,328839,392526515,-764880677,50.00,1,120000,333,6,7,4000,10770436,2051,877840,0.00,0.00,0.00,0.00,0.00,0.00,0.00,
17:59:03bl041417.csv00	,329073,392526515,-764880677,50.00,1,120000,333,6,7,4000,10770436,2051,877840,0.00,0.00,0.00,0.00,0.00,0.00,0.00,
17:59:03bl041417.csv00	,329311,392526515,-764880677,50.00,1,120000,333,6,7,4000,10770436,2051,877840,0.00,0.00,0.00,0.00,0.00,0.00,0.00,
17:59:03bl041417.csv00	,329553,392526515,-764880677,50.00,1,120000,333,6,7,4000,10770436,2051,877840,0.00,0.00,0.00,0.00,0.00,0.00,0.00,
17:59:03bl041417.csv00	,329797,392526515,-764880677,50.00,1,120000,333,6,7,4000,10770436,2051,877840,0.00,0.00,0.00,0.00,0.00,0.00,0.00,
17:59:04bl041417.csv00	,330042,392526515,-764880677,50.00,1,120000,333,6,7,4000,10770436,2051,877840,0.00,0.00,0.00,0.00,0.00,0.00,0.00,
17:59:04bl041417.csv00	,330293,392526515,-764880677,50.00,1,120000,333,6,7,4000,10770436,2051,877840,0.00,0.00,0.00,0.00,0.00,0.00,0.00,
17:59:04bl041417.csv00	,330535,392526515,-764880677,50.00,1,120000,333,6,7,4000,10770436,2051,877840,0.00,0.00,0.00,0.00,0.00,0.00,0.00,
17:59:04bl041417.csv00	,330773,392526515,-764880677,50.00,1,120000,333,6,7,4000,10770436,2051,877840,0.00,0.00,0.00,0.00,0.00,0.00,0.00,
17:59:05bl041417.csv00	,331016,392526515,-764880677,50.00,1,120000,333,6,7,4000,10770436,2051,877840,0.00,0.00,0.00,0.00,0.00,0.00,0.00,
17:59:05bl041417.csv00	,331249,392526515,-764880677,50.00,1,120000,333,6,7,4000,10770436,2051,877840,0.00,0.00,0.00,0.00,0.00,0.00,0.00,
17:59:05bl041417.csv00	,331487,392526515,-764880677,50.00,1,120000,333,6,7,4000,10770436,2051,877840,0.00,0.00,0.00,0.00,0.00,0.00,0.00,
17:59:05bl041417.csv00	,331730,392526515,-764880677,50.00,1,120000,333,6,7,4000,10770436,2051,877840,0.00,0.00,0.00,0.00,0.00,0.00,0.00,
17:59:06bl041417.csv00	,331963,392526515,-764880677,50.00,1,120000,333,6,7,4000,10770436,2051,877840,0.00,0.00,0.00,0.00,0.00,0.00,0.00,
17:59:06bl041417.csv00	,332201,392526515,-764880677,50.00,1,120000,333,6,7,4000,10770436,2051,877840,0.00,0.00,0.00,0.00,0.00,0.00,0.00,
17:59:06bl041417.csv00	,332444,392526515,-764880677,50.00,1,120000,333,6,7,4000,10770436,2051,877840,0.00,0.00,0.00,0.00,0.00,0.00,0.00,
17:59:06bl041417.csv00	,332678,392526515,-764880677,50.00,1,120000,333,6,7,4000,10770436,2051,877840,0.00,0.00,0.00,0.00,0.00,0.00,0.00,
17:59:06bl041417.csv00	,332916,392526515,-764880677,50.00,1,120000,333,6,7,4000,10770436,2051,877840,0.00,0.00,0.00,0.00,0.00,0.00,0.00,
17:59:07bl041417.csv00	,333157,392526515,-764880677,50.00,1,120000,333,6,7,4000,10770436,2051,877840,0.00,0.00,0.00,0.00,0.00,0.00,0.00,
17:59:07bl041417.csv00	,333392,392526515,-764880677,50.00,1,120000,333,6,7,4000,10770436,2051,877840,0.00,0.00,0.00,0.00,0.00,0.00,0.00,
17:59:07bl041417.csv00	,333630,392526515,-764880677,50.00,1,120000,333,6,7,4000,10770436,2051,877840,0.00,0.00,0.00,0.00,0.00,0.00,0.00,
17:59:07bl041417.csv00	,333873,392526515,-764880677,50.00,1,120000,333,6,7,4000,10770436,2051,877840,0.00,0.00,0.00,0.00,0.00,0.00,0.00,
17:59:08bl041417.csv00	,334106,392526515,-764880677,50.00,1,120000,333,6,7,4000,10770436,2051,877840,0.00,0.00,0.00,0.00,0.00,0.00,0.00,
17:59:08bl041417.csv00	,334344,392526515,-764880677,50.00,1,120000,333,6,7,4000,10770436,2051,877840,0.00,0.00,0.00,0.00,0.00,0.00,0.00,
17:59:08bl041417.csv00	,334587,392526515,-764880677,50.00,1,120000,333,6,7,4000,10770436,2051,877840,0.00,0.00,0.00,0.00,0.00,0.00,0.00,
17:59:08bl041417.csv00	,334824,392526515,-764880677,50.00,1,120000,333,6,7,4000,10770436,2051,877840,0.00,0.00,0.00,0.00,0.00,0.00,0.00,
17:59:09bl041417.csv00	,335057,392526515,-764880677,50.00,1,120000,333,6,7,4000,10770436,2051,877840,0.00,0.00,0.00,0.00,0.00,0.00,0.00,
17:59:09bl041417.csv00	,335301,392526515,-764880677,50.00,1,120000,333,6,7,4000,10770436,2051,877840,0.00,0.00,0.00,0.00,0.00,0.00,0.00,
17:59:09bl041417.csv00	,335534,392526515,-764880677,50.00,1,120000,333,6,7,4000,10770436,2051,877840,0.00,0.00,0.00,0.00,0.00,0.00,0.00,
17:59:09bl041417.csv00	,335771,392526515,-764880677,50.00,1,120000,333,6,7,4000,10770436,2051,877840,0.00,0.00,0.00,0.00,0.00,0.00,0.00,
17:59:10bl041417.csv00	,336015,392526515,-764880677,50.00,1,120000,333,6,7,4000,10770436,2051,877840,0.00,0.00,0.00,0.00,0.00,0.00,0.00,
17:59:10bl041417.csv00	,336248,392526515,-764880677,50.00,1,120000,333,6,7,4000,10770436,2051,877840,0.00,0.00,0.00,0.00,0.00,0.00,0.00,
17:59:10bl041417.csv00	,336487,392526515,-764880677,50.00,1,120000,333,6,7,4000,10770436,2051,877840,0.00,0.00,0.00,0.00,0.00,0.00,0.00,
17:59:10bl041417.csv00	,336727,392526515,-764880677,50.00,1,120000,333,6,7,4000,10770436,2051,877840,0.00,0.00,0.00,0.00,0.00,0.00,0.00,
17:59:10bl041417.csv00	,336962,392526515,-764880677,50.00,1,120000,333,6,7,4000,10770436,2051,877840,0.00,0.00,0.00,0.00,0.00,0.00,0.00,
17:59:11bl041417.csv00	,337201,392526515,-764880677,50.00,1,120000,333,6,7,4000,10770436,2051,877840,0.00,0.00,0.00,0.00,0.00,0.00,0.00,
17:59:11bl041417.csv00	,337444,392526515,-764880677,50.00,1,120000,333,6,7,4000,10770436,2051,877840,0.00,0.00,0.00,0.00,0.00,0.00,0.00,
17:59:12bl041417.csv00	,338186,392526515,-764880677,50.00,1,120000,333,6,7,4000,10770436,2051,877840,0.00,0.00,0.00,0.00,0.00,0.00,0.00,
17:59:12bl041417.csv00	,338425,392526515,-764880677,50.00,1,120000,333,6,7,4000,10770436,2051,877840,0.00,0.00,0.00,0.00,0.00,0.00,0.00,
17:59:12bl041417.csv00	,338667,392526515,-764880677,50.00,1,120000,333,6,7,4000,10770436,2051,877840,0.00,0.00,0.00,0.00,0.00,0.00,0.00,
17:59:12bl041417.csv00	,338900,392526515,-764880677,50.00,1,120000,333,6,7,4000,10770436,2051,877840,0.00,0.00,0.00,0.00,0.00,0.00,0.00,
17:59:13bl041417.csv00	,339139,392526515,-764880677,50.00,1,120000,333,6,7,4000,10770436,2051,877840,0.00,0.00,0.00,0.00,0.00,0.00,0.00,
17:59:13bl041417.csv00	,339381,392526515,-764880677,50.00,1,120000,333,6,7,4000,10770436,2051,877840,0.00,0.00,0.00,0.00,0.00,0.00,0.00,
17:59:13bl041417.csv00	,339615,392526515,-764880677,50.00,1,120000,333,6,7,4000,10770436,2051,877840,0.00,0.00,0.00,0.00,0.00,0.00,0.00,
17:59:13bl041417.csv00	,339852,392526515,-764880677,50.00,1,120000,333,6,7,4000,10770436,2051,877840,0.00,0.00,0.00,0.00,0.00,0.00,0.00,
17:59:14bl041417.csv00	,340091,392526515,-764880677,50.00,1,120000,333,6,7,4000,10770436,2051,877840,0.00,0.00,0.00,0.00,0.00,0.00,0.00,
17:59:14bl041417.csv00	,340334,392526515,-764880677,50.00,1,120000,333,6,7,4000,10770436,2051,877840,0.00,0.00,0.00,0.00,0.00,0.00,0.00,
17:59:14bl041417.csv00	,340567,392526515,-764880677,50.00,1,120000,333,6,7,4000,10770436,2051,877840,0.00,0.00,0.00,0.00,0.00,0.00,0.00,
17:59:14bl041417.csv00	,340804,392526515,-764880677,50.00,1,120000,333,6,7,4000,10770436,2051,877840,0.00,0.00,0.00,0.00,0.00,0.00,0.00,
17:59:15bl041417.csv00	,341065,392526515,-764880677,50.00,1,120000,333,6,7,4000,10770436,2051,877840,0.00,0.00,0.00,0.00,0.00,0.00,0.00,
17:59:15bl041417.csv00	,341298,392526515,-764880677,50.00,1,120000,333,6,7,4000,10770436,2051,877840,0.00,0.00,0.00,0.00,0.00,0.00,0.00,
17:59:15bl041417.csv00	,341540,392526515,-764880677,50.00,1,120000,333,6,7,4000,10770436,2051,877840,0.00,0.00,0.00,0.00,0.00,0.00,0.00,
17:59:15bl041417.csv00	,341777,392526515,-764880677,50.00,1,120000,333,6,7,4000,10770436,2051,877840,0.00,0.00,0.00,0.00,0.00,0.00,0.00,
17:59:16bl041417.csv00	,342012,392526515,-764880677,50.00,1,120000,333,6,7,4000,10770436,2051,877840,0.00,0.00,0.00,0.00,0.00,0.00,0.00,
17:59:16bl041417.csv00	,342250,392526515,-764880677,50.00,1,120000,333,6,7,4000,10770436,2051,877840,0.00,0.00,0.00,0.00,0.00,0.00,0.00,
17:59:16bl041417.csv00	,342499,392526515,-764880677,50.00,1,120000,333,6,7,4000,10770436,2051,877840,0.00,0.00,0.00,0.00,0.00,0.00,0.00,
17:59:16bl041417.csv00	,342743,392526515,-764880677,50.00,1,120000,333,6,7,4000,10770436,2051,877840,0.00,0.00,0.00,0.00,0.00,0.00,0.00,
17:59:17bl041417.csv00	,342981,392526515,-764880677,50.00,1,120000,333,6,7,4000,10770436,2051,877840,0.00,0.00,0.00,0.00,0.00,0.00,0.00,
17:59:17bl041417.csv00	,343224,392526515,-764880677,50.00,1,120000,333,6,7,4000,827529,2141,13795481,100.00,50.00,0.00,0.00,0.00,0.00,0.00,
17:59:17bl041417.csv00	,343551,392526515,-764880677,50.00,1,120000,333,6,7,4000,827529,2141,13795481,100.00,50.00,0.00,0.00,0.00,0.00,0.00,
17:59:17bl041417.csv00	,343885,392526515,-764880677,50.00,1,120000,333,6,7,4000,827529,2141,13795481,100.00,50.00,0.00,0.00,0.00,0.00,0.00,
17:59:18bl041417.csv00	,344223,392526515,-764880677,50.00,1,120000,333,6,7,4000,1033255,2273,13470947,100.00,50.00,0.00,0.00,0.00,0.00,0.00,
17:59:18bl041417.csv00	,344555,392526515,-764880677,50.00,1,120000,333,6,7,4000,1033255,2273,13470947,100.00,50.00,0.00,0.00,0.00,0.00,0.00,
17:59:18bl041417.csv00	,344883,392526515,-764880677,50.00,1,120000,333,6,7,4000,1033255,2273,13470947,100.00,50.00,0.00,0.00,0.00,0.00,0.00,
17:59:19bl041417.csv00	,345222,392526515,-764880677,50.00,1,120000,333,6,7,4000,1033255,2273,13470947,100.00,50.00,0.00,0.00,0.00,0.00,0.00,
17:59:19bl041417.csv00	,345550,392526515,-764880677,50.00,1,120000,333,6,7,4000,1250720,2241,12772243,100.00,50.00,0.00,0.00,0.00,0.00,0.00,
17:59:19bl041417.csv00	,345882,392526515,-764880677,50.00,1,120000,333,6,7,4000,1250720,2241,12772243,100.00,50.00,0.00,0.00,0.00,0.00,0.00,
17:59:20bl041417.csv00	,346221,392526515,-764880677,50.00,1,120000,333,6,7,4000,1250720,2241,12772243,100.00,50.00,0.00,0.00,0.00,0.00,0.00,
17:59:20bl041417.csv00	,346559,392526515,-764880677,50.00,1,120000,333,6,7,4000,1491209,2209,11841353,100.00,50.00,0.00,0.00,0.00,0.00,0.00,
17:59:20bl041417.csv00	,346882,392526515,-764880677,50.00,1,120000,333,6,7,4000,1491209,2209,11841353,100.00,50.00,0.00,0.00,0.00,0.00,0.00,
17:59:21bl041417.csv00	,347218,392526515,-764880677,50.00,1,120000,333,6,7,4000,1491209,2209,11841353,100.00,50.00,0.00,0.00,0.00,0.00,0.00,
17:59:21bl041417.csv00	,347548,392526515,-764880677,50.00,1,120000,333,6,7,4000,1751087,2194,10715515,100.00,50.00,0.00,0.00,0.00,0.00,0.00,
17:59:21bl041417.csv00	,347881,392526515,-764880677,50.00,1,120000,333,6,7,4000,1751087,2194,10715515,100.00,50.00,0.00,0.00,0.00,0.00,0.00,
17:59:22bl041417.csv00	,348217,392526515,-764880677,50.00,1,120000,333,6,7,4000,1751087,2194,10715515,100.00,50.00,0.00,0.00,0.00,0.00,0.00,
17:59:22bl041417.csv00	,348949,392526515,-764880677,50.00,1,120000,333,6,7,4000,2008736,2277,9710178,97.10,50.00,0.00,0.00,0.00,0.00,0.00,
17:59:23bl041417.csv00	,349282,392526515,-764880677,50.00,1,120000,333,6,7,4000,2273513,2200,8637167,86.37,50.00,0.00,0.00,0.00,0.00,0.00,
17:59:23bl041417.csv00	,349620,392526515,-764880677,50.00,1,120000,333,6,7,4000,2273513,2200,8637167,86.37,50.00,0.00,0.00,0.00,0.00,0.00,
17:59:24bl041417.csv00	,349948,392526515,-764880677,50.00,1,120000,333,6,7,4000,2273513,2200,8637167,86.37,50.00,0.00,0.00,0.00,0.00,0.00,
17:59:24bl041417.csv00	,350281,392526515,-764880677,50.00,1,120000,333,6,7,4000,2542940,2158,7705942,77.06,50.00,0.00,0.00,0.00,0.00,0.00,
17:59:24bl041417.csv00	,350619,392526515,-764880677,50.00,1,120000,333,6,7,4000,2542940,2158,7705942,77.06,50.00,0.00,0.00,0.00,0.00,0.00,
17:59:25bl041417.csv00	,350951,392526515,-764880677,50.00,1,120000,333,6,7,4000,2542940,2158,7705942,77.06,50.00,0.00,0.00,0.00,0.00,0.00,
17:59:25bl041417.csv00	,351279,392526515,-764880677,50.00,1,120000,333,6,7,4000,2799077,2197,6745013,67.45,50.00,0.00,0.00,0.00,0.00,0.00,
17:59:25bl041417.csv00	,351618,392526515,-764880677,50.00,1,120000,333,6,7,4000,2799077,2197,6745013,67.45,50.00,0.00,0.00,0.00,0.00,0.00,
17:59:26bl041417.csv00	,351946,392526515,-764880677,50.00,1,120000,333,6,7,4000,2799077,2197,6745013,67.45,50.00,0.00,0.00,0.00,0.00,0.00,
17:59:26bl041417.csv00	,352278,392525919,-764878668,50.00,1,120000,333,6,7,4000,5546841,2178,8261518,82.62,50.00,0.00,0.00,0.00,0.00,0.00,
17:59:26bl041417.csv00	,352617,392525919,-764878668,50.00,1,120000,333,6,7,4000,5546841,2178,8261518,82.62,50.00,0.00,0.00,0.00,0.00,0.00,
17:59:27bl041417.csv00	,352945,392525919,-764878668,50.00,1,120000,333,6,7,4000,5546841,2178,8261518,82.62,50.00,0.00,0.00,0.00,0.00,0.00,
17:59:27bl041417.csv00	,353279,392525951,-764878776,50.00,1,120000,333,6,7,4000,5672292,2178,7249649,72.50,50.00,0.00,0.00,0.00,0.00,0.00,
17:59:27bl041417.csv00	,353614,392525951,-764878776,50.00,1,120000,333,6,7,4000,5672292,2178,7249649,72.50,50.00,0.00,0.00,0.00,0.00,0.00,
17:59:28bl041417.csv00	,353944,392525951,-764878776,50.00,1,120000,333,6,7,4000,5672292,2178,7249649,72.50,50.00,0.00,0.00,0.00,0.00,0.00,
17:59:28bl041417.csv00	,354277,392526015,-764878993,50.00,1,120000,333,6,7,4000,5674145,2172,6237010,62.37,50.00,0.00,0.00,0.00,0.00,0.00,
17:59:28bl041417.csv00	,354618,392526015,-764878993,50.00,1,120000,333,6,7,4000,5674145,2172,6237010,62.37,50.00,0.00,0.00,0.00,0.00,0.00,
17:59:28bl041417.csv00	,354942,392526015,-764878993,50.00,1,120000,333,6,7,4000,5674145,2172,6237010,62.37,50.00,0.00,0.00,0.00,0.00,0.00,
17:59:29bl041417.csv00	,355276,392526015,-764878993,50.00,1,120000,333,6,7,4000,5881146,2172,5230686,52.31,50.00,0.00,0.00,0.00,0.00,0.00,
17:59:29bl041417.csv00	,355614,392526015,-764878993,50.00,1,120000,333,6,7,4000,5881146,2172,5230686,52.31,50.00,0.00,0.00,0.00,0.00,0.00,
17:59:29bl041417.csv00	,355941,392526015,-764878993,50.00,1,120000,333,6,7,4000,5881146,2172,5230686,52.31,50.00,0.00,0.00,0.00,0.00,0.00,
17:59:30bl041417.csv00	,356275,392526047,-764879102,50.00,1,120000,333,6,7,4000,5941525,2202,4199364,41.99,50.00,0.00,0.00,0.00,0.00,0.00,
17:59:30bl041417.csv00	,356613,392526047,-764879102,50.00,1,120000,333,6,7,4000,5941525,2202,4199364,41.99,50.00,0.00,0.00,0.00,0.00,0.00,
17:59:30bl041417.csv00	,356941,392526047,-764879102,50.00,1,120000,333,6,7,4000,5941525,2202,4199364,41.99,50.00,0.00,0.00,0.00,0.00,0.00,
17:59:31bl041417.csv00	,357273,392526047,-764879102,50.00,1,120000,333,6,7,4000,6101505,2148,3418896,34.19,50.00,0.00,0.00,0.00,0.00,0.00,
17:59:31bl041417.csv00	,357612,392526047,-764879102,50.00,1,120000,333,6,7,4000,6101505,2148,3418896,34.19,50.00,0.00,0.00,0.00,0.00,0.00,
17:59:31bl041417.csv00	,357940,392526047,-764879102,50.00,1,120000,333,6,7,4000,6101505,2148,3418896,34.19,50.00,0.00,0.00,0.00,0.00,0.00,
17:59:32bl041417.csv00	,358277,392526047,-764879102,50.00,1,120000,333,6,7,4000,6227867,2243,2630024,26.30,52.24,2.63,0.00,0.00,0.00,0.00,
17:59:32bl041417.csv00	,358618,392526047,-764879102,50.00,1,120000,333,6,7,4000,6227867,2243,2630024,26.30,54.49,5.26,0.00,0.00,0.00,0.00,
17:59:32bl041417.csv00	,358939,392526047,-764879102,50.00,1,120000,333,6,7,4000,6227867,2243,2630024,26.30,56.73,7.89,0.00,0.00,0.00,0.00,
17:59:33bl041417.csv00	,359679,392526047,-764879102,50.00,1,120000,333,6,7,4000,6323363,2364,1964311,19.64,59.09,9.85,0.00,0.00,0.00,0.00,
17:59:34bl041417.csv00	,360015,392526047,-764879102,50.00,1,120000,333,6,7,4000,6323363,2364,1964311,19.64,61.46,11.82,0.00,0.00,0.00,0.00,
17:59:34bl041417.csv00	,360344,392526015,-764878993,50.00,1,120000,333,6,7,4000,6529348,2164,1430513,14.31,63.62,13.25,0.00,0.00,0.00,0.00,
17:59:34bl041417.csv00	,360677,392526015,-764878993,50.00,1,120000,333,6,7,4000,6529348,2164,1430513,14.31,65.78,14.68,0.00,0.00,0.00,0.00,
17:59:35bl041417.csv00	,361015,392526015,-764878993,50.00,1,120000,333,6,7,4000,6529348,2164,1430513,14.31,67.95,16.11,0.00,0.00,0.00,0.00,
17:59:35bl041417.csv00	,361342,392525983,-764878885,50.00,1,120000,333,6,7,4000,6678136,2192,365873,3.66,70.14,16.48,0.00,0.00,0.00,0.00,
17:59:35bl041417.csv00	,361676,392525983,-764878885,50.00,1,120000,333,6,7,4000,6678136,2192,365873,3.66,72.33,16.84,0.00,0.00,0.00,0.00,
17:59:36bl041417.csv00	,362009,392525983,-764878885,50.00,1,120000,333,6,7,4000,6678136,2192,365873,3.66,74.53,17.21,0.00,0.00,0.00,0.00,
17:59:36bl041417.csv00	,362351,392525951,-764878776,50.00,1,120000,333,6,7,4000,6798987,2169,-152201,-1.52,76.69,17.06,0.00,0.00,0.00,0.00,
17:59:36bl041417.csv00	,362674,392525951,-764878776,50.00,1,120000,333,6,7,4000,6798987,2169,-152201,-1.52,78.86,16.90,0.00,0.00,0.00,0.00,
17:59:37bl041417.csv00	,363008,392525951,-764878776,50.00,1,120000,333,6,7,4000,6798987,2169,-152201,-1.52,81.03,16.75,0.00,0.00,0.00,0.00,
17:59:37bl041417.csv00	,363346,392526515,-764880677,50.00,1,120000,333,6,7,4000,2757775,2096,-4630171,-46.30,50.00,16.75,0.00,0.00,0.00,0.00,
17:59:37bl041417.csv00	,363673,392526515,-764880677,50.00,1,120000,333,6,7,4000,2757775,2096,-4630171,-46.30,50.00,16.75,0.00,0.00,0.00,0.00,
17:59:38bl041417.csv00	,364007,392526515,-764880677,50.00,1,120000,333,6,7,4000,2757775,2096,-4630171,-46.30,50.00,16.75,0.00,0.00,0.00,0.00,
17:59:38bl041417.csv00	,364345,392526515,-764880677,50.00,1,120000,333,6,7,4000,2316315,2249,-5387607,-53.88,50.00,16.75,0.00,0.00,0.00,0.00,
17:59:38bl041417.csv00	,364673,392526515,-764880677,50.00,1,120000,333,6,7,4000,2316315,2249,-5387607,-53.88,50.00,16.75,0.00,0.00,0.00,0.00,
17:59:39bl041417.csv00	,365005,392526515,-764880677,50.00,1,120000,333,6,7,4000,2316315,2249,-5387607,-53.88,50.00,16.75,0.00,0.00,0.00,0.00,
17:59:39bl041417.csv00	,365344,392526515,-764880677,50.00,1,120000,333,6,7,4000,1863800,2293,-5435556,-54.36,50.00,16.75,0.00,0.00,0.00,0.00,
17:59:39bl041417.csv00	,365672,392526515,-764880677,50.00,1,120000,333,6,7,4000,1863800,2293,-5435556,-54.36,50.00,16.75,0.00,0.00,0.00,0.00,
17:59:40bl041417.csv00	,366004,392526515,-764880677,50.00,1,120000,333,6,7,4000,1863800,2293,-5435556,-54.36,50.00,16.75,0.00,0.00,0.00,0.00,
17:59:40bl041417.csv00	,366245,392526515,-764880677,50.00,1,120000,333,6,7,4000,1863800,2293,-5435556,0.00,0.00,0.00,0.00,0.00,0.00,0.00,
17:59:40bl041417.csv00	,366478,392526515,-764880677,50.00,1,120000,333,6,7,4000,1863800,2293,-5435556,0.00,0.00,0.00,0.00,0.00,0.00,0.00,
17:59:40bl041417.csv00	,366716,392526515,-764880677,50.00,1,120000,333,6,7,4000,1863800,2293,-5435556,0.00,0.00,0.00,0.00,0.00,0.00,0.00,
17:59:40bl041417.csv00	,366978,392526515,-764880677,50.00,1,120000,333,6,7,4000,1863800,2293,-5435556,0.00,0.00,0.00,0.00,0.00,0.00,0.00,
17:59:41bl041417.csv00	,367209,392526515,-764880677,50.00,1,120000,333,6,7,4000,1863800,2293,-5435556,0.00,0.00,0.00,0.00,0.00,0.00,0.00,
17:59:41bl041417.csv00	,367447,392526515,-764880677,50.00,1,120000,333,6,7,4000,1863800,2293,-5435556,0.00,0.00,0.00,0.00,0.00,0.00,0.00,
17:59:41bl041417.csv00	,367690,392526515,-764880677,50.00,1,120000,333,6,7,4000,1863800,2293,-5435556,0.00,0.00,0.00,0.00,0.00,0.00,0.00,
17:59:41bl041417.csv00	,367923,392526515,-764880677,50.00,1,120000,333,6,7,4000,1863800,2293,-5435556,0.00,0.00,0.00,0.00,0.00,0.00,0.00,
17:59:42bl041417.csv00	,368178,392526515,-764880677,50.00,1,120000,333,6,7,4000,1863800,2293,-5435556,0.00,0.00,0.00,0.00,0.00,0.00,0.00,
17:59:42bl041417.csv00	,368421,392526515,-764880677,50.00,1,120000,333,6,7,4000,1863800,2293,-5435556,0.00,0.00,0.00,0.00,0.00,0.00,0.00,
17:59:42bl041417.csv00	,368654,392526515,-764880677,50.00,1,120000,333,6,7,4000,1863800,2293,-5435556,0.00,0.00,0.00,0.00,0.00,0.00,0.00,
17:59:42bl041417.csv00	,368893,392526515,-764880677,50.00,1,120000,333,6,7,4000,1863800,2293,-5435556,0.00,0.00,0.00,0.00,0.00,0.00,0.00,
17:59:43bl041417.csv00	,369135,392526515,-764880677,50.00,1,120000,333,6,7,4000,1863800,2293,-5435556,0.00,0.00,0.00,0.00,0.00,0.00,0.00,
17:59:43bl041417.csv00	,369368,392526515,-764880677,50.00,1,120000,333,6,7,4000,1863800,2293,-5435556,0.00,0.00,0.00,0.00,0.00,0.00,0.00,
17:59:43bl041417.csv00	,369606,392526515,-764880677,50.00,1,120000,333,6,7,4000,1863800,2293,-5435556,0.00,0.00,0.00,0.00,0.00,0.00,0.00,
17:59:44bl041417.csv00	,370342,392526515,-764880677,50.00,1,120000,333,6,7,4000,1863800,2293,-5435556,0.00,0.00,0.00,0.00,0.00,0.00,0.00,
17:59:44bl041417.csv00	,370575,392526515,-764880677,50.00,1,120000,333,6,7,4000,1863800,2293,-5435556,0.00,0.00,0.00,0.00,0.00,0.00,0.00,
17:59:44bl041417.csv00	,370814,392526515,-764880677,50.00,1,120000,333,6,7,4000,1863800,2293,-5435556,0.00,0.00,0.00,0.00,0.00,0.00,0.00,
17:59:45bl041417.csv00	,371054,392526515,-764880677,50.00,1,120000,333,6,7,4000,1863800,2293,-5435556,0.00,0.00,0.00,0.00,0.00,0.00,0.00,
17:59:45bl041417.csv00	,371290,392526515,-764880677,50.00,1,120000,333,6,7,4000,1863800,2293,-5435556,0.00,0.00,0.00,0.00,0.00,0.00,0.00,
17:59:45bl041417.csv00	,371528,392526515,-764880677,50.00,1,120000,333,6,7,4000,1863800,2293,-5435556,0.00,0.00,0.00,0.00,0.00,0.00,0.00,
17:59:45bl041417.csv00	,371769,392526515,-764880677,50.00,1,120000,333,6,7,4000,1863800,2293,-5435556,0.00,0.00,0.00,0.00,0.00,0.00,0.00,
17:59:46bl041417.csv00	,372004,392526515,-764880677,50.00,1,120000,333,6,7,4000,1863800,2293,-5435556,0.00,0.00,0.00,0.00,0.00,0.00,0.00,
17:59:46bl041417.csv00	,372242,392526515,-764880677,50.00,1,120000,333,6,7,4000,1863800,2293,-5435556,0.00,0.00,0.00,0.00,0.00,0.00,0.00,
17:59:46bl041417.csv00	,372485,392526515,-764880677,50.00,1,120000,333,6,7,4000,1863800,2293,-5435556,0.00,0.00,0.00,0.00,0.00,0.00,0.00,
17:59:46bl041417.csv00	,372718,392526515,-764880677,50.00,1,120000,333,6,7,4000,1863800,2293,-5435556,0.00,0.00,0.00,0.00,0.00,0.00,0.00,
17:59:46bl041417.csv00	,372956,392526515,-764880677,50.00,1,120000,333,6,7,4000,1863800,2293,-5435556,0.00,0.00,0.00,0.00,0.00,0.00,0.00,
17:59:47bl041417.csv00	,373206,392526515,-764880677,50.00,1,120000,333,6,7,4000,1863800,2293,-5435556,0.00,0.00,0.00,0.00,0.00,0.00,0.00,
17:59:47bl041417.csv00	,373449,392526515,-764880677,50.00,1,120000,333,6,7,4000,1863800,2293,-5435556,0.00,0.00,0.00,0.00,0.00,0.00,0.00,
17:59:47bl041417.csv00	,373687,392526515,-764880677,50.00,1,120000,333,6,7,4000,1863800,2293,-5435556,0.00,0.00,0.00,0.00,0.00,0.00,0.00,
17:59:47bl041417.csv00	,373930,392526515,-764880677,50.00,1,120000,333,6,7,4000,1863800,2293,-5435556,0.00,0.00,0.00,0.00,0.00,0.00,0.00,
17:59:48bl041417.csv00	,374163,392526515,-764880677,50.00,1,120000,333,6,7,4000,1863800,2293,-5435556,0.00,0.00,0.00,0.00,0.00,0.00,0.00,
17:59:48bl041417.csv00	,374402,392526515,-764880677,50.00,1,120000,333,6,7,4000,1863800,2293,-5435556,0.00,0.00,0.00,0.00,0.00,0.00,0.00,
17:59:48bl041417.csv00	,374644,392526515,-764880677,50.00,1,120000,333,6,7,4000,1863800,2293,-5435556,0.00,0.00,0.00,0.00,0.00,0.00,0.00,
17:59:48bl041417.csv00	,374877,392526515,-764880677,50.00,1,120000,333,6,7,4000,1863800,2293,-5435556,0.00,0.00,0.00,0.00,0.00,0.00,0.00,
17:59:49bl041417.csv00	,375115,392526515,-764880677,50.00,1,120000,333,6,7,4000,1863800,2293,-5435556,0.00,0.00,0.00,0.00,0.00,0.00,0.00,
17:59:49bl041417.csv00	,375357,392526515,-764880677,50.00,1,120000,333,6,7,4000,1863800,2293,-5435556,0.00,0.00,0.00,0.00,0.00,0.00,0.00,
17:59:49bl041417.csv00	,375591,392526515,-764880677,50.00,1,120000,333,6,7,4000,1863800,2293,-5435556,0.00,0.00,0.00,0.00,0.00,0.00,0.00,
17:59:49bl041417.csv00	,375829,392526515,-764880677,50.00,1,120000,333,6,7,4000,1863800,2293,-5435556,0.00,0.00,0.00,0.00,0.00,0.00,0.00,
17:59:50bl041417.csv00	,376072,392526515,-764880677,50.00,1,120000,333,6,7,4000,1863800,2293,-5435556,0.00,0.00,0.00,0.00,0.00,0.00,0.00,
17:59:50bl041417.csv00	,376322,392526515,-764880677,50.00,1,120000,333,6,7,4000,1863800,2293,-5435556,0.00,0.00,0.00,0.00,0.00,0.00,0.00,
17:59:50bl041417.csv00	,376560,392526515,-764880677,50.00,1,120000,333,6,7,4000,1863800,2293,-5435556,0.00,0.00,0.00,0.00,0.00,0.00,0.00,
17:59:50bl041417.csv00	,376803,392526515,-764880677,50.00,1,120000,333,6,7,4000,1863800,2293,-5435556,0.00,0.00,0.00,0.00,0.00,0.00,0.00,
17:59:51bl041417.csv00	,377041,392526515,-764880677,50.00,1,120000,333,6,7,4000,1863800,2293,-5435556,0.00,0.00,0.00,0.00,0.00,0.00,0.00,
17:59:51bl041417.csv00	,377275,392526515,-764880677,50.00,1,120000,333,6,7,4000,1863800,2293,-5435556,0.00,0.00,0.00,0.00,0.00,0.00,0.00,
17:59:51bl041417.csv00	,377517,392526515,-764880677,50.00,1,120000,333,6,7,4000,1863800,2293,-5435556,0.00,0.00,0.00,0.00,0.00,0.00,0.00,
17:59:51bl041417.csv00	,377750,392526515,-764880677,50.00,1,120000,333,6,7,4000,1863800,2293,-5435556,0.00,0.00,0.00,0.00,0.00,0.00,0.00,
17:59:52bl041417.csv00	,377989,392526515,-764880677,50.00,1,120000,333,6,7,4000,1863800,2293,-5435556,0.00,0.00,0.00,0.00,0.00,0.00,0.00,
17:59:52bl041417.csv00	,378231,392526515,-764880677,50.00,1,120000,333,6,7,4000,1863800,2293,-5435556,0.00,0.00,0.00,0.00,0.00,0.00,0.00,
17:59:52bl041417.csv00	,378464,392526515,-764880677,50.00,1,120000,333,6,7,4000,1863800,2293,-5435556,0.00,0.00,0.00,0.00,0.00,0.00,0.00,
17:59:52bl041417.csv00	,378703,392526515,-764880677,50.00,1,120000,333,6,7,4000,1863800,2293,-5435556,0.00,0.00,0.00,0.00,0.00,0.00,0.00,
17:59:53bl041417.csv00	,378960,392526515,-764880677,50.00,1,120000,333,6,7,4000,1863800,2293,-5435556,0.00,0.00,0.00,0.00,0.00,0.00,0.00,
17:59:53bl041417.csv00	,379196,392526515,-764880677,50.00,1,120000,333,6,7,4000,1863800,2293,-5435556,0.00,0.00,0.00,0.00,0.00,0.00,0.00,
17:59:53bl041417.csv00	,379434,392526515,-764880677,50.00,1,120000,333,6,7,4000,1863800,2293,-5435556,0.00,0.00,0.00,0.00,0.00,0.00,0.00,
17:59:53bl041417.csv00	,379680,392526515,-764880677,50.00,1,120000,333,6,7,4000,1863800,2293,-5435556,0.00,0.00,0.00,0.00,0.00,0.00,0.00,
17:59:53bl041417.csv00	,379910,392526515,-764880677,50.00,1,120000,333,6,7,4000,1863800,2293,-5435556,0.00,0.00,0.00,0.00,0.00,0.00,0.00,
17:59:54bl041417.csv00	,380148,392526515,-764880677,50.00,1,120000,333,6,7,4000,1863800,2293,-5435556,0.00,0.00,0.00,0.00,0.00,0.00,0.00,
17:59:54bl041417.csv00	,380884,392526515,-764880677,50.00,1,120000,333,6,7,4000,1863800,2293,-5435556,0.00,0.00,0.00,0.00,0.00,0.00,0.00,
17:59:55bl041417.csv00	,381117,392526515,-764880677,50.00,1,120000,333,6,7,4000,1863800,2293,-5435556,0.00,0.00,0.00,0.00,0.00,0.00,0.00,
17:59:55bl041417.csv00	,381355,392526515,-764880677,50.00,1,120000,333,6,7,4000,1863800,2293,-5435556,0.00,0.00,0.00,0.00,0.00,0.00,0.00,
17:59:55bl041417.csv00	,381598,392526515,-764880677,50.00,1,120000,333,6,7,4000,1863800,2293,-5435556,0.00,0.00,0.00,0.00,0.00,0.00,0.00,
17:59:55bl041417.csv00	,381831,392526515,-764880677,50.00,1,120000,333,6,7,4000,1863800,2293,-5435556,0.00,0.00,0.00,0.00,0.00,0.00,0.00,
17:59:56bl041417.csv00	,382068,392526515,-764880677,50.00,1,120000,333,6,7,4000,1863800,2293,-5435556,0.00,0.00,0.00,0.00,0.00,0.00,0.00,
17:59:56bl041417.csv00	,382312,392526515,-764880677,50.00,1,120000,333,6,7,4000,1863800,2293,-5435556,0.00,0.00,0.00,0.00,0.00,0.00,0.00,
17:59:56bl041417.csv00	,382545,392526515,-764880677,50.00,1,120000,333,6,7,4000,1863800,2293,-5435556,0.00,0.00,0.00,0.00,0.00,0.00,0.00,
17:59:56bl041417.csv00	,382788,392526515,-764880677,50.00,1,120000,333,6,7,4000,1863800,2293,-5435556,0.00,0.00,0.00,0.00,0.00,0.00,0.00,
17:59:57bl041417.csv00	,383021,392526515,-764880677,50.00,1,120000,333,6,7,4000,1863800,2293,-5435556,0.00,0.00,0.00,0.00,0.00,0.00,0.00,
17:59:57bl041417.csv00	,383264,392526515,-764880677,50.00,1,120000,333,6,7,4000,1863800,2293,-5435556,0.00,0.00,0.00,0.00,0.00,0.00,0.00,
17:59:57bl041417.csv00	,383497,392526515,-764880677,50.00,1,120000,333,6,7,4000,1863800,2293,-5435556,0.00,0.00,0.00,0.00,0.00,0.00,0.00,
17:59:57bl041417.csv00	,383744,392526515,-764880677,50.00,1,120000,333,6,7,4000,1863800,2293,-5435556,0.00,0.00,0.00,0.00,0.00,0.00,0.00,
17:59:58bl041417.csv00	,383995,392526515,-764880677,50.00,1,120000,333,6,7,4000,1863800,2293,-5435556,0.00,0.00,0.00,0.00,0.00,0.00,0.00,
17:59:58bl041417.csv00	,384228,392526515,-764880677,50.00,1,120000,333,6,7,4000,1863800,2293,-5435556,0.00,0.00,0.00,0.00,0.00,0.00,0.00,
17:59:58bl041417.csv00	,384467,392526515,-764880677,50.00,1,120000,333,6,7,4000,1863800,2293,-5435556,0.00,0.00,0.00,0.00,0.00,0.00,0.00,
17:59:58bl041417.csv00	,384707,392526515,-764880677,50.00,1,120000,333,6,7,4000,1863800,2293,-5435556,0.00,0.00,0.00,0.00,0.00,0.00,0.00,
17:59:58bl041417.csv00	,384952,392526515,-764880677,50.00,1,120000,333,6,7,4000,1863800,2293,-5435556,0.00,0.00,0.00,0.00,0.00,0.00,0.00,
17:59:59bl041417.csv00	,385198,392526515,-764880677,50.00,1,120000,333,6,7,4000,1863800,2293,-5435556,0.00,0.00,0.00,0.00,0.00,0.00,0.00,
17:59:59bl041417.csv00	,385448,392526515,-764880677,50.00,1,120000,333,6,7,4000,1863800,2293,-5435556,0.00,0.00,0.00,0.00,0.00,0.00,0.00,
17:59:59bl041417.csv00	,385690,392526515,-764880677,50.00,1,120000,333,6,7,4000,1863800,2293,-5435556,0.00,0.00,0.00,0.00,0.00,0.00,0.00,
17:59:59bl041417.csv00	,385929,392526515,-764880677,50.00,1,120000,333,6,7,4000,1863800,2293,-5435556,0.00,0.00,0.00,0.00,0.00,0.00,0.00,
