19:03:07cl041419.csv00	,1235284,0,0,0,0,0,0,0,0,0,0,0,0,1268,-1071,-6329,1710,0,0,0,0,3,0,1,0,1,0,0,
19:03:08cl041419.csv00	,1236043,0,7550205,392527009,-764894171,392527009,-764894171,322,7550205,214256,-155000,508,88,1323,-1240,-7235,2529,0,0,0,0,3,0,1,0,1,0,0,
19:03:08cl041419.csv00	,1236376,0,7359348,392527022,-764894136,392527022,-764894136,289,7359348,170599,-95000,509,88,1317,-1287,-7407,2357,0,0,0,0,3,0,1,0,1,0,0,
19:03:08cl041419.csv00	,1236708,0,7359348,392527022,-764894136,392527022,-764894136,289,7359348,170599,-95000,509,88,1338,-1296,-7472,2379,0,0,0,0,3,0,1,0,1,0,0,
19:03:09cl041419.csv00	,1237041,0,7359348,392527022,-764894136,392527022,-764894136,289,7359348,170599,-95000,509,88,1338,-1300,-7472,2400,0,0,0,0,3,0,1,0,1,0,0,
19:03:09cl041419.csv00	,1237374,0,7019601,392527038,-764894100,392527038,-764894100,357,7019601,105000,70000,491,88,1338,-1304,-7472,2357,0,0,0,0,3,0,1,0,1,0,0,
19:03:09cl041419.csv00	,1237707,0,7019601,392527038,-764894100,392527038,-764894100,357,7019601,105000,70000,491,88,1340,-1309,-7472,2357,0,0,0,0,3,0,1,0,1,0,0,
19:03:10cl041419.csv00	,1238040,0,7019601,392527038,-764894100,392527038,-764894100,357,7019601,105000,70000,491,88,1338,-1304,-7472,2379,0,0,0,0,3,0,1,0,1,0,0,
19:03:10cl041419.csv00	,1238373,0,4910178,392527093,-764894018,392527093,-764894018,1115,5278948,-556250,-312500,497,88,1338,-1300,-7450,2379,0,0,0,0,3,0,1,0,1,0,0,
19:03:10cl041419.csv00	,1238706,0,4910178,392527093,-764894018,392527093,-764894018,1115,5278948,-556250,-312500,497,88,1340,-1304,-7450,2379,0,0,0,0,3,0,1,0,1,0,0,
19:03:11cl041419.csv00	,1239039,0,4910178,392527093,-764894018,392527093,-764894018,1115,5278948,-556250,-312500,497,88,1340,-1304,-7493,2357,0,0,0,0,3,0,1,0,1,0,0,
19:03:11cl041419.csv00	,1239372,0,4001588,392527188,-764893915,392527188,-764893915,1521,4333025,-252343,-437500,492,88,1338,-1296,-7472,2379,0,0,0,0,3,0,1,0,1,0,0,
19:03:11cl041419.csv00	,1239705,0,4001588,392527188,-764893915,392527188,-764893915,1521,4333025,-252343,-437500,492,88,1338,-1300,-7450,2379,0,0,0,0,3,0,1,0,1,0,0,
19:03:12cl041419.csv00	,1240038,0,4001588,392527188,-764893915,392527188,-764893915,1521,4333025,-252343,-437500,492,88,1338,-1300,-7450,2379,0,0,0,0,3,0,1,0,1,0,0,
19:03:12cl041419.csv00	,1240371,0,2950466,392527318,-764893820,392527318,-764893820,1666,3547654,-98828,-493750,486,85,1338,-1309,-7472,2335,0,0,0,0,3,0,1,0,1,0,0,
19:03:12cl041419.csv00	,1240704,0,2950466,392527318,-764893820,392527318,-764893820,1666,3547654,-98828,-493750,486,85,1338,-1300,-7450,2357,0,0,0,0,3,0,1,0,1,0,0,
19:03:13cl041419.csv00	,1241038,0,2950466,392527318,-764893820,392527318,-764893820,1666,3547654,-98828,-493750,486,85,1340,-1296,-7450,2379,0,0,0,0,3,0,1,0,1,0,0,
19:03:13cl041419.csv00	,1241370,0,2129311,392527469,-764893744,392527469,-764893744,1782,2659075,-40625,-506250,487,85,1338,-1300,-7450,2379,0,0,0,0,3,0,1,0,1,0,0,
19:03:13cl041419.csv00	,1241703,0,2129311,392527469,-764893744,392527469,-764893744,1782,2659075,-40625,-506250,487,85,1342,-1309,-7472,2357,0,0,0,0,3,0,1,0,1,0,0,
19:03:14cl041419.csv00	,1242040,0,2129311,392527469,-764893744,392527469,-764893744,1782,2659075,-40625,-506250,487,85,1340,-1300,-7450,2379,0,0,0,0,3,0,1,0,1,0,0,
19:03:14cl041419.csv00	,1242370,0,1378223,392527630,-764893693,392527630,-764893693,1819,1778011,-153125,-484375,462,85,1340,-1304,-7472,2400,0,0,0,0,3,0,1,0,1,0,0,
19:03:14cl041419.csv00	,1242702,0,1378223,392527630,-764893693,392527630,-764893693,1819,1778011,-153125,-484375,462,85,1340,-1309,-7472,2357,0,0,0,0,3,0,1,0,1,0,0,
19:03:15cl041419.csv00	,1243035,0,1378223,392527630,-764893693,392527630,-764893693,1819,1778011,-153125,-484375,462,85,1340,-1304,-7472,2400,0,0,0,0,3,0,1,0,1,0,0,
19:03:15cl041419.csv00	,1243368,0,1013174,392527799,-764893654,392527799,-764893654,1847,1257298,-71093,-300000,462,85,1336,-1300,-7450,2379,0,0,0,0,3,0,1,0,1,0,0,
19:03:15cl041419.csv00	,1243701,0,1013174,392527799,-764893654,392527799,-764893654,1847,1257298,-71093,-300000,462,85,1336,-1300,-7472,2400,0,0,0,0,3,0,1,0,1,0,0,
19:03:16cl041419.csv00	,1244034,0,1013174,392527799,-764893654,392527799,-764893654,1847,1257298,-71093,-300000,462,85,1340,-1304,-7493,2357,0,0,0,0,3,0,1,0,1,0,0,
19:03:16cl041419.csv00	,1244368,0,976385,392527970,-764893616,392527970,-764893616,1848,1101732,-200000,-50000,461,85,1336,-1304,-7450,2357,0,0,0,0,3,0,1,0,1,0,0,
19:03:16cl041419.csv00	,1244700,0,976385,392527970,-764893616,392527970,-764893616,1848,1101732,-200000,-50000,461,85,1336,-1300,-7450,2379,0,0,0,0,3,0,1,0,1,0,0,
19:03:17cl041419.csv00	,1245033,0,976385,392527970,-764893616,392527970,-764893616,1848,1101732,-200000,-50000,461,85,1336,-1304,-7493,2357,0,0,0,0,3,0,1,0,1,0,0,
19:03:17cl041419.csv00	,1245366,0,1045829,392528142,-764893575,392528142,-764893575,1906,1083417,-165625,-339804,448,85,1336,-1300,-7450,2400,0,0,0,0,3,0,1,0,1,0,0,
19:03:17cl041419.csv00	,1245699,0,1045829,392528142,-764893575,392528142,-764893575,1906,1083417,-165625,-339804,448,85,1336,-1300,-7450,2379,0,0,0,0,3,0,1,0,1,0,0,
19:03:18cl041419.csv00	,1246032,0,1045829,392528142,-764893575,392528142,-764893575,1906,1083417,-165625,-339804,448,85,1338,-1300,-7472,2379,0,0,0,0,3,0,1,0,1,0,0,
19:03:18cl041419.csv00	,1246771,0,1119916,392528318,-764893530,392528318,-764893530,1948,1126576,-215625,-281250,427,85,1336,-1300,-7450,2400,0,0,0,0,3,0,1,0,1,0,0,
19:03:19cl041419.csv00	,1247103,0,1119916,392528318,-764893530,392528318,-764893530,1948,1126576,-215625,-281250,427,85,1310,-1278,-7407,2335,0,0,0,0,3,0,1,0,1,0,0,
19:03:19cl041419.csv00	,1247436,0,1396796,392528483,-764893477,392528483,-764893477,1963,1314615,-290625,-12500,430,85,1338,-1300,-7450,2400,0,0,0,0,3,0,1,0,1,0,0,
19:03:19cl041419.csv00	,1247769,0,1396796,392528483,-764893477,392528483,-764893477,1963,1314615,-290625,-12500,430,85,1338,-1300,-7450,2357,0,0,0,0,3,0,1,0,1,0,0,
19:03:20cl041419.csv00	,1248102,0,1396796,392528483,-764893477,392528483,-764893477,1963,1314615,-290625,-12500,430,85,1340,-1304,-7493,2357,0,0,0,0,3,0,1,0,1,0,0,
19:03:20cl041419.csv00	,1248435,0,1745510,392528648,-764893410,392528648,-764893410,1883,1679162,-65000,20000,428,85,1340,-1304,-7472,2379,0,0,0,0,3,0,1,0,1,0,0,
19:03:20cl041419.csv00	,1248768,0,1745510,392528648,-764893410,392528648,-764893410,1883,1679162,-65000,20000,428,85,1340,-1313,-7493,2335,0,0,0,0,3,0,1,0,1,0,0,
19:03:21cl041419.csv00	,1249101,0,1745510,392528648,-764893410,392528648,-764893410,1883,1679162,-65000,20000,428,85,1338,-1300,-7450,2400,0,0,0,0,3,0,1,0,1,0,0,
19:03:21cl041419.csv00	,1249434,0,2116542,392528806,-764893331,392528806,-764893331,1926,2026289,-377500,-540000,429,85,1338,-1304,-7472,2400,0,0,0,0,3,0,1,0,1,0,0,
19:03:21cl041419.csv00	,1249768,0,2116542,392528806,-764893331,392528806,-764893331,1926,2026289,-377500,-540000,429,85,1338,-1300,-7472,2400,0,0,0,0,3,0,1,0,1,0,0,
19:03:22cl041419.csv00	,1250100,0,2116542,392528806,-764893331,392528806,-764893331,1926,2026289,-377500,-540000,429,85,1338,-1304,-7493,2357,0,0,0,0,3,0,1,0,1,0,0,
19:03:22cl041419.csv00	,1250433,0,2427030,392528964,-764893239,392528964,-764893239,1946,2380135,-243125,-190000,429,85,1338,-1304,-7472,2357,0,0,0,0,3,0,1,0,1,0,0,
19:03:22cl041419.csv00	,1250766,0,2427030,392528964,-764893239,392528964,-764893239,1946,2380135,-243125,-190000,429,85,1340,-1304,-7472,2422,0,0,0,0,3,0,1,0,1,0,0,
19:03:23cl041419.csv00	,1251099,0,2427030,392528964,-764893239,392528964,-764893239,1946,2380135,-243125,-190000,429,85,1340,-1304,-7472,2357,0,0,0,0,3,0,1,0,1,0,0,
19:03:23cl041419.csv00	,1251432,0,2754240,392529111,-764893140,392529111,-764893140,1859,2649284,-122500,-180000,425,85,1338,-1300,-7450,2400,0,0,0,0,3,0,1,0,1,0,0,
19:03:23cl041419.csv00	,1251765,0,2754240,392529111,-764893140,392529111,-764893140,1859,2649284,-122500,-180000,425,85,1336,-1296,-7450,2379,0,0,0,0,3,0,1,0,1,0,0,
19:03:24cl041419.csv00	,1252098,0,2754240,392529111,-764893140,392529111,-764893140,1859,2649284,-122500,-180000,425,85,1338,-1296,-7450,2400,0,0,0,0,3,0,1,0,1,0,0,
19:03:24cl041419.csv00	,1252431,0,2801491,392529258,-764893039,392529258,-764893039,1872,2789432,-212500,-307500,425,85,1336,-1300,-7472,2335,0,0,0,0,3,0,1,0,1,0,0,
19:03:24cl041419.csv00	,1252776,0,2801491,392529258,-764893039,392529258,-764893039,1872,2789432,-212500,-307500,425,85,1336,-1304,-7472,2335,0,0,0,0,3,0,1,0,1,0,0,
19:03:25cl041419.csv00	,1253100,0,2801491,392529258,-764893039,392529258,-764893039,1872,2789432,-212500,-307500,425,85,1338,-1304,-7472,2357,0,0,0,0,3,0,1,0,1,0,0,
19:03:25cl041419.csv00	,1253432,0,2938695,392529401,-764892935,392529401,-764892935,1830,2907526,-8750,-97500,419,85,1336,-1300,-7450,2400,0,0,0,0,3,0,1,0,1,0,0,
19:03:25cl041419.csv00	,1253769,0,2938695,392529401,-764892935,392529401,-764892935,1830,2907526,-8750,-97500,419,85,1338,-1300,-7429,2400,0,0,0,0,3,0,1,0,1,0,0,
19:03:26cl041419.csv00	,1254098,0,2938695,392529401,-764892935,392529401,-764892935,1830,2907526,-8750,-97500,419,85,1340,-1304,-7472,2357,0,0,0,0,3,0,1,0,1,0,0,
19:03:26cl041419.csv00	,1254431,0,2777916,392529548,-764892835,392529548,-764892835,1863,2876910,-229999,-362500,411,85,1338,-1300,-7472,2357,0,0,0,0,3,0,1,0,1,0,0,
19:03:26cl041419.csv00	,1254764,0,2777916,392529548,-764892835,392529548,-764892835,1863,2876910,-229999,-362500,411,85,1338,-1300,-7472,2379,0,0,0,0,3,0,1,0,1,0,0,
19:03:27cl041419.csv00	,1255097,0,2777916,392529548,-764892835,392529548,-764892835,1863,2876910,-229999,-362500,411,85,1338,-1304,-7450,2400,0,0,0,0,3,0,1,0,1,0,0,
19:03:27cl041419.csv00	,1255430,0,2529828,392529702,-764892741,392529702,-764892741,1898,2646723,-60000,-270000,408,85,1338,-1300,-7450,2357,0,0,0,0,3,0,1,0,1,0,0,
19:03:27cl041419.csv00	,1255763,0,2529828,392529702,-764892741,392529702,-764892741,1898,2646723,-60000,-270000,408,85,1338,-1304,-7472,2379,0,0,0,0,3,0,1,0,1,0,0,
19:03:28cl041419.csv00	,1256096,0,2529828,392529702,-764892741,392529702,-764892741,1898,2646723,-60000,-270000,408,85,1336,-1300,-7472,2335,0,0,0,0,3,0,1,0,1,0,0,
19:03:28cl041419.csv00	,1256430,0,2066909,392529858,-764892665,392529858,-764892665,1823,2308585,250000,-140000,406,85,1338,-1304,-7450,2357,0,0,0,0,3,0,1,0,1,0,0,
19:03:28cl041419.csv00	,1256762,0,2066909,392529858,-764892665,392529858,-764892665,1823,2308585,250000,-140000,406,85,1338,-1300,-7472,2379,0,0,0,0,3,0,1,0,1,0,0,
19:03:29cl041419.csv00	,1257502,0,2066909,392529858,-764892665,392529858,-764892665,1823,2308585,250000,-140000,406,85,1338,-1304,-7493,2400,0,0,0,0,3,0,1,0,1,0,0,
19:03:29cl041419.csv00	,1257834,0,1746271,392530018,-764892600,392530018,-764892600,1877,1930692,30000,-330000,404,85,1313,-1283,-7429,2357,0,0,0,0,3,0,1,0,1,0,0,
19:03:30cl041419.csv00	,1258167,0,1746271,392530018,-764892600,392530018,-764892600,1877,1930692,30000,-330000,404,85,1338,-1304,-7472,2357,0,0,0,0,3,0,1,0,1,0,0,
19:03:30cl041419.csv00	,1258500,0,1496733,392530186,-764892542,392530186,-764892542,1862,1652786,76875,-285312,395,85,1340,-1304,-7450,2379,0,0,0,0,3,0,1,0,1,0,0,
19:03:30cl041419.csv00	,1258833,0,1496733,392530186,-764892542,392530186,-764892542,1862,1652786,76875,-285312,395,85,1338,-1300,-7472,2379,0,0,0,0,3,0,1,0,1,0,0,
19:03:31cl041419.csv00	,1259166,0,1496733,392530186,-764892542,392530186,-764892542,1862,1652786,76875,-285312,395,85,1336,-1300,-7450,2357,0,0,0,0,3,0,1,0,1,0,0,
19:03:31cl041419.csv00	,1259499,0,1178620,392530353,-764892497,392530353,-764892497,1841,1307829,-100000,-432500,391,85,1340,-1304,-7493,2357,0,0,0,0,3,0,1,0,1,0,0,
19:03:31cl041419.csv00	,1259832,0,1178620,392530353,-764892497,392530353,-764892497,1841,1307829,-100000,-432500,391,85,1338,-1300,-7450,2357,0,0,0,0,3,0,1,0,1,0,0,
19:03:32cl041419.csv00	,1260165,0,1178620,392530353,-764892497,392530353,-764892497,1841,1307829,-100000,-432500,391,85,1336,-1300,-7450,2357,0,0,0,0,3,0,1,0,1,0,0,
19:03:32cl041419.csv00	,1260498,0,900615,392530524,-764892462,392530524,-764892462,1889,1031881,-143750,-357500,383,85,1338,-1300,-7450,2357,0,0,0,0,3,0,1,0,1,0,0,
19:03:32cl041419.csv00	,1260831,0,900615,392530524,-764892462,392530524,-764892462,1889,1031881,-143750,-357500,383,85,1336,-1304,-7472,2335,0,0,0,0,3,0,1,0,1,0,0,
19:03:33cl041419.csv00	,1261164,0,900615,392530524,-764892462,392530524,-764892462,1889,1031881,-143750,-357500,383,85,1338,-1300,-7450,2379,0,0,0,0,3,0,1,0,1,0,0,
19:03:33cl041419.csv00	,1261497,0,677462,392530700,-764892435,392530700,-764892435,1895,756202,-5000,-287500,373,85,1340,-1300,-7472,2379,0,0,0,0,3,0,1,0,1,0,0,
19:03:33cl041419.csv00	,1261830,0,677462,392530700,-764892435,392530700,-764892435,1895,756202,-5000,-287500,373,85,1338,-1300,-7472,2379,0,0,0,0,3,0,1,0,1,0,0,
19:03:34cl041419.csv00	,1262163,0,677462,392530700,-764892435,392530700,-764892435,1895,756202,-5000,-287500,373,85,1336,-1304,-7472,2379,0,0,0,0,3,0,1,0,1,0,0,
19:03:34cl041419.csv00	,1262500,0,546696,392530878,-764892413,392530878,-764892413,1962,608837,12500,-192500,372,85,1338,-1300,-7450,2379,0,0,0,0,3,0,1,0,1,0,0,
19:03:34cl041419.csv00	,1262829,0,546696,392530878,-764892413,392530878,-764892413,1962,608837,12500,-192500,372,85,1334,-1300,-7450,2400,0,0,0,0,3,0,1,0,1,0,0,
19:03:35cl041419.csv00	,1263162,0,546696,392530878,-764892413,392530878,-764892413,1962,608837,12500,-192500,372,85,1338,-1300,-7429,2400,0,0,0,0,3,0,1,0,1,0,0,
19:03:35cl041419.csv00	,1263495,0,662543,392531058,-764892386,392531058,-764892386,1968,656819,-140000,-272500,375,85,1338,-1300,-7450,2400,0,0,0,0,3,0,1,0,1,0,0,
19:03:35cl041419.csv00	,1263828,0,662543,392531058,-764892386,392531058,-764892386,1968,656819,-140000,-272500,375,85,1334,-1300,-7450,2357,0,0,0,0,3,0,1,0,1,0,0,
19:03:36cl041419.csv00	,1264161,0,662543,392531058,-764892386,392531058,-764892386,1968,656819,-140000,-272500,375,85,1340,-1304,-7493,2357,0,0,0,0,3,0,1,0,1,0,0,
19:03:36cl041419.csv00	,1264494,0,1028281,392531233,-764892345,392531233,-764892345,1953,926060,-184375,-170000,373,85,1342,-1304,-7472,2379,0,0,0,0,3,0,1,0,1,0,0,
19:03:36cl041419.csv00	,1264827,0,1028281,392531233,-764892345,392531233,-764892345,1953,926060,-184375,-170000,373,85,1342,-1309,-7493,2335,0,0,0,0,3,0,1,0,1,0,0,
19:03:37cl041419.csv00	,1265160,0,1028281,392531233,-764892345,392531233,-764892345,1953,926060,-184375,-170000,373,85,1338,-1304,-7472,2357,0,0,0,0,3,0,1,0,1,0,0,
19:03:37cl041419.csv00	,1265493,0,1463434,392531405,-764892287,392531405,-764892287,1965,1360735,-181250,146316,369,85,1338,-1300,-7450,2379,0,0,0,0,3,0,1,0,1,0,0,
19:03:37cl041419.csv00	,1265826,0,1463434,392531405,-764892287,392531405,-764892287,1965,1360735,-181250,146316,369,85,1340,-1304,-7493,2379,0,0,0,0,3,0,1,0,1,0,0,
19:03:38cl041419.csv00	,1266159,0,1463434,392531405,-764892287,392531405,-764892287,1965,1360735,-181250,146316,369,85,1338,-1300,-7450,2379,0,0,0,0,3,0,1,0,1,0,0,
19:03:38cl041419.csv00	,1266492,0,1891118,392531570,-764892214,392531570,-764892214,1940,1755560,-172812,0,369,85,1342,-1304,-7493,2357,0,0,0,0,3,0,1,0,1,0,0,
19:03:38cl041419.csv00	,1266825,0,1891118,392531570,-764892214,392531570,-764892214,1940,1755560,-172812,0,369,85,1338,-1300,-7450,2379,0,0,0,0,3,0,1,0,1,0,0,
19:03:39cl041419.csv00	,1267158,0,1891118,392531570,-764892214,392531570,-764892214,1940,1755560,-172812,0,369,85,1334,-1296,-7450,2357,0,0,0,0,3,0,1,0,1,0,0,
19:03:39cl041419.csv00	,1267491,0,2153305,392531727,-764892134,392531727,-764892134,1881,2025881,-302500,-197500,364,85,1336,-1304,-7472,2357,0,0,0,0,3,0,1,0,1,0,0,
19:03:40cl041419.csv00	,1268230,0,2153305,392531727,-764892134,392531727,-764892134,1881,2025881,-302500,-197500,364,85,1336,-1304,-7450,2400,0,0,0,0,3,0,1,0,1,0,0,
19:03:40cl041419.csv00	,1268562,0,2591378,392531880,-764892038,392531880,-764892038,1929,2502496,-285000,-137500,360,88,1313,-1283,-7386,2335,0,0,0,0,3,0,1,0,1,0,0,
19:03:40cl041419.csv00	,1268895,0,2591378,392531880,-764892038,392531880,-764892038,1929,2502496,-285000,-137500,360,88,1340,-1304,-7472,2400,0,0,0,0,3,0,1,0,1,0,0,
19:03:41cl041419.csv00	,1269228,0,2591378,392531880,-764892038,392531880,-764892038,1929,2502496,-285000,-137500,360,88,1336,-1304,-7450,2379,0,0,0,0,3,0,1,0,1,0,0,
19:03:41cl041419.csv00	,1269561,0,2924181,392532028,-764891931,392532028,-764891931,1907,2873507,-130000,-185000,348,88,1334,-1296,-7450,2379,0,0,0,0,3,0,1,0,1,0,0,
19:03:41cl041419.csv00	,1269894,0,2924181,392532028,-764891931,392532028,-764891931,1907,2873507,-130000,-185000,348,88,1338,-1300,-7450,2400,0,0,0,0,3,0,1,0,1,0,0,
19:03:42cl041419.csv00	,1270227,0,2924181,392532028,-764891931,392532028,-764891931,1907,2873507,-130000,-185000,348,88,1334,-1300,-7450,2400,0,0,0,0,3,0,1,0,1,0,0,
19:03:42cl041419.csv00	,1270560,0,3032033,392532171,-764891823,392532171,-764891823,1861,3025656,-380000,-220000,332,85,1338,-1300,-7472,2379,0,0,0,0,3,0,1,0,1,0,0,
19:03:42cl041419.csv00	,1270893,0,3032033,392532171,-764891823,392532171,-764891823,1861,3025656,-380000,-220000,332,85,1336,-1300,-7450,2357,0,0,0,0,3,0,1,0,1,0,0,
19:03:43cl041419.csv00	,1271226,0,3032033,392532171,-764891823,392532171,-764891823,1861,3025656,-380000,-220000,332,85,1338,-1304,-7450,2357,0,0,0,0,3,0,1,0,1,0,0,
19:03:43cl041419.csv00	,1271559,0,3204968,392532312,-764891709,392532312,-764891709,1915,3202434,-60000,-73750,322,85,1336,-1300,-7450,2379,0,0,0,0,3,0,1,0,1,0,0,
19:03:43cl041419.csv00	,1271892,0,3204968,392532312,-764891709,392532312,-764891709,1915,3202434,-60000,-73750,322,85,1336,-1296,-7450,2357,0,0,0,0,3,0,1,0,1,0,0,
19:03:44cl041419.csv00	,1272229,0,3204968,392532312,-764891709,392532312,-764891709,1915,3202434,-60000,-73750,322,85,1340,-1304,-7472,2379,0,0,0,0,3,0,1,0,1,0,0,
19:03:44cl041419.csv00	,1272558,0,3173145,392532451,-764891598,392532451,-764891598,1823,3186041,-40000,-84526,313,89,1340,-1304,-7472,2357,0,0,0,0,3,0,1,0,1,0,0,
19:03:44cl041419.csv00	,1272891,0,3173145,392532451,-764891598,392532451,-764891598,1823,3186041,-40000,-84526,313,89,1338,-1300,-7472,2379,0,0,0,0,3,0,1,0,1,0,0,
19:03:45cl041419.csv00	,1273224,0,3173145,392532451,-764891598,392532451,-764891598,1823,3186041,-40000,-84526,313,89,1338,-1300,-7450,2379,0,0,0,0,3,0,1,0,1,0,0,
19:03:45cl041419.csv00	,1273557,0,3050592,392532589,-764891493,392532589,-764891493,1785,3129756,160000,-197812,311,85,1334,-1300,-7450,2379,0,0,0,0,3,0,1,0,1,0,0,
19:03:45cl041419.csv00	,1273890,0,3050592,392532589,-764891493,392532589,-764891493,1785,3129756,160000,-197812,311,85,1336,-1296,-7450,2379,0,0,0,0,3,0,1,0,1,0,0,
19:03:46cl041419.csv00	,1274223,0,3050592,392532589,-764891493,392532589,-764891493,1785,3129756,160000,-197812,311,85,1338,-1300,-7450,2379,0,0,0,0,3,0,1,0,1,0,0,
19:03:46cl041419.csv00	,1274556,0,2795390,392532732,-764891395,392532732,-764891395,1812,2913862,-41250,-400000,307,85,1338,-1300,-7472,2379,0,0,0,0,3,0,1,0,1,0,0,
19:03:46cl041419.csv00	,1274889,0,2795390,392532732,-764891395,392532732,-764891395,1812,2913862,-41250,-400000,307,85,1338,-1300,-7450,2400,0,0,0,0,3,0,1,0,1,0,0,
19:03:47cl041419.csv00	,1275222,0,2795390,392532732,-764891395,392532732,-764891395,1812,2913862,-41250,-400000,307,85,1338,-1300,-7450,2379,0,0,0,0,3,0,1,0,1,0,0,
19:03:47cl041419.csv00	,1275555,0,2240731,392532886,-764891313,392532886,-764891313,1837,2435706,-38750,-420000,309,85,1338,-1304,-7472,2379,0,0,0,0,3,0,1,0,1,0,0,
19:03:47cl041419.csv00	,1275888,0,2240731,392532886,-764891313,392532886,-764891313,1837,2435706,-38750,-420000,309,85,1338,-1300,-7450,2379,0,0,0,0,3,0,1,0,1,0,0,
19:03:48cl041419.csv00	,1276221,0,2240731,392532886,-764891313,392532886,-764891313,1837,2435706,-38750,-420000,309,85,1338,-1304,-7450,2335,0,0,0,0,3,0,1,0,1,0,0,
19:03:48cl041419.csv00	,1276554,0,1660454,392533047,-764891251,392533047,-764891251,1820,1876363,-41250,-550000,309,85,1338,-1304,-7472,2357,0,0,0,0,3,0,1,0,1,0,0,
19:03:48cl041419.csv00	,1276887,0,1660454,392533047,-764891251,392533047,-764891251,1820,1876363,-41250,-550000,309,85,1338,-1304,-7493,2379,0,0,0,0,3,0,1,0,1,0,0,
19:03:49cl041419.csv00	,1277220,0,1660454,392533047,-764891251,392533047,-764891251,1820,1876363,-41250,-550000,309,85,1336,-1300,-7472,2379,0,0,0,0,3,0,1,0,1,0,0,
19:03:49cl041419.csv00	,1277553,0,1076412,392533214,-764891210,392533214,-764891210,1825,1294649,175000,-495000,308,85,1340,-1304,-7472,2357,0,0,0,0,3,0,1,0,1,0,0,
19:03:49cl041419.csv00	,1277886,0,1076412,392533214,-764891210,392533214,-764891210,1825,1294649,175000,-495000,308,85,1338,-1300,-7472,2379,0,0,0,0,3,0,1,0,1,0,0,
19:03:50cl041419.csv00	,1278219,0,1076412,392533214,-764891210,392533214,-764891210,1825,1294649,175000,-495000,308,85,1334,-1300,-7429,2400,0,0,0,0,3,0,1,0,1,0,0,
19:03:50cl041419.csv00	,1278959,0,695682,392533379,-764891184,392533379,-764891184,1874,840196,-7500,-409999,298,85,1338,-1304,-7450,2400,0,0,0,0,3,0,1,0,1,0,0,
19:03:51cl041419.csv00	,1279291,0,397868,392533546,-764891169,392533546,-764891169,1874,527706,40000,-290000,287,85,1315,-1283,-7429,2335,0,0,0,0,3,0,1,0,1,0,0,
19:03:51cl041419.csv00	,1279624,0,397868,392533546,-764891169,392533546,-764891169,1874,527706,40000,-290000,287,85,1338,-1304,-7472,2379,0,0,0,0,3,0,1,0,1,0,0,
19:03:51cl041419.csv00	,1279957,0,397868,392533546,-764891169,392533546,-764891169,1874,527706,40000,-290000,287,85,1338,-1304,-7472,2357,0,0,0,0,3,0,1,0,1,0,0,
19:03:52cl041419.csv00	,1280290,0,126023,392533722,-764891164,392533722,-764891164,1967,227386,30859,-403125,278,85,1340,-1304,-7493,2357,0,0,0,0,3,0,1,0,1,0,0,
19:03:52cl041419.csv00	,1280623,0,126023,392533722,-764891164,392533722,-764891164,1967,227386,30859,-403125,278,85,1338,-1300,-7450,2379,0,0,0,0,3,0,1,0,1,0,0,
19:03:52cl041419.csv00	,1280960,0,126023,392533722,-764891164,392533722,-764891164,1967,227386,30859,-403125,278,85,1338,-1304,-7472,2379,0,0,0,0,3,0,1,0,1,0,0,
19:03:53cl041419.csv00	,1281289,0,247707,392533901,-764891154,392533901,-764891154,1961,290803,-213281,-278125,270,85,1342,-1309,-7472,2357,0,0,0,0,3,0,1,0,1,0,0,
19:03:53cl041419.csv00	,1281622,0,247707,392533901,-764891154,392533901,-764891154,1961,290803,-213281,-278125,270,85,1340,-1304,-7472,2400,0,0,0,0,3,0,1,0,1,0,0,
19:03:53cl041419.csv00	,1281955,0,247707,392533901,-764891154,392533901,-764891154,1961,290803,-213281,-278125,270,85,1338,-1300,-7450,2400,0,0,0,0,3,0,1,0,1,0,0,
19:03:54cl041419.csv00	,1282288,0,739452,392534080,-764891124,392534080,-764891124,1969,660409,-175000,-43750,267,85,1340,-1304,-7472,2357,0,0,0,0,3,0,1,0,1,0,0,
19:03:54cl041419.csv00	,1282621,0,739452,392534080,-764891124,392534080,-764891124,1969,660409,-175000,-43750,267,85,1338,-1304,-7450,2379,0,0,0,0,3,0,1,0,1,0,0,
19:03:54cl041419.csv00	,1282954,0,739452,392534080,-764891124,392534080,-764891124,1969,660409,-175000,-43750,267,85,1342,-1309,-7493,2379,0,0,0,0,3,0,1,0,1,0,0,
19:03:55cl041419.csv00	,1283287,0,739452,392534080,-764891124,392534080,-764891124,1969,660409,-175000,-43750,267,85,1336,-1304,-7472,2379,0,0,0,0,3,0,1,0,1,0,0,
19:03:55cl041419.csv00	,1283620,0,1233314,392534250,-764891076,392534250,-764891076,1932,1111066,-200000,-168750,259,85,1336,-1304,-7472,2379,0,0,0,0,3,0,1,0,1,0,0,
19:03:55cl041419.csv00	,1283953,0,1233314,392534250,-764891076,392534250,-764891076,1932,1111066,-200000,-168750,259,85,1340,-1304,-7472,2379,0,0,0,0,3,0,1,0,1,0,0,
19:03:56cl041419.csv00	,1284286,0,1233314,392534250,-764891076,392534250,-764891076,1932,1111066,-200000,-168750,259,85,1340,-1304,-7472,2379,0,0,0,0,3,0,1,0,1,0,0,
19:03:56cl041419.csv00	,1284619,0,1597517,392534415,-764891015,392534415,-764891015,1938,1446376,-275000,-152500,252,85,1340,-1300,-7450,2400,0,0,0,0,3,0,1,0,1,0,0,
19:03:56cl041419.csv00	,1284952,0,1597517,392534415,-764891015,392534415,-764891015,1938,1446376,-275000,-152500,252,85,1336,-1304,-7450,2357,0,0,0,0,3,0,1,0,1,0,0,
19:03:57cl041419.csv00	,1285285,0,1597517,392534415,-764891015,392534415,-764891015,1938,1446376,-275000,-152500,252,85,1338,-1309,-7472,2379,0,0,0,0,3,0,1,0,1,0,0,
19:03:57cl041419.csv00	,1285618,0,1928284,392534581,-764890940,392534581,-764890940,1966,1845080,-257187,-190000,250,85,1338,-1300,-7450,2379,0,0,0,0,3,0,1,0,1,0,0,
19:03:58cl041419.csv00	,1285951,0,1928284,392534581,-764890940,392534581,-764890940,1966,1845080,-257187,-190000,250,85,1340,-1309,-7472,2357,0,0,0,0,3,0,1,0,1,0,0,
19:03:58cl041419.csv00	,1286284,0,2380169,392534739,-764890850,392534739,-764890850,1929,2244071,-109504,30000,253,85,1338,-1304,-7493,2357,0,0,0,0,3,0,1,0,1,0,0,
19:03:58cl041419.csv00	,1286617,0,2380169,392534739,-764890850,392534739,-764890850,1929,2244071,-109504,30000,253,85,1336,-1300,-7450,2357,0,0,0,0,3,0,1,0,1,0,0,
19:03:58cl041419.csv00	,1286950,0,2380169,392534739,-764890850,392534739,-764890850,1929,2244071,-109504,30000,253,85,1336,-1300,-7472,2357,0,0,0,0,3,0,1,0,1,0,0,
19:03:59cl041419.csv00	,1287283,0,2636239,392534889,-764890754,392534889,-764890754,1860,2496736,-200000,-475000,253,85,1334,-1296,-7472,2357,0,0,0,0,3,0,1,0,1,0,0,
19:03:59cl041419.csv00	,1287616,0,2636239,392534889,-764890754,392534889,-764890754,1860,2496736,-200000,-475000,253,85,1334,-1296,-7429,2357,0,0,0,0,3,0,1,0,1,0,0,
19:03:59cl041419.csv00	,1287949,0,2636239,392534889,-764890754,392534889,-764890754,1860,2496736,-200000,-475000,253,85,1336,-1304,-7450,2379,0,0,0,0,3,0,1,0,1,0,0,
19:04:00cl041419.csv00	,1288282,0,2815977,392535038,-764890651,392535038,-764890651,1917,2737408,-210000,-235000,259,85,1336,-1300,-7450,2379,0,0,0,0,3,0,1,0,1,0,0,
19:04:00cl041419.csv00	,1288615,0,2815977,392535038,-764890651,392535038,-764890651,1917,2737408,-210000,-235000,259,85,1338,-1300,-7450,2400,0,0,0,0,3,0,1,0,1,0,0,
19:04:00cl041419.csv00	,1288948,0,2815977,392535038,-764890651,392535038,-764890651,1917,2737408,-210000,-235000,259,85,1340,-1304,-7472,2379,0,0,0,0,3,0,1,0,1,0,0,
19:04:01cl041419.csv00	,1289687,0,2894741,392535185,-764890546,392535185,-764890546,1874,2832560,-125000,-393750,260,85,1338,-1309,-7472,2400,0,0,0,0,3,0,1,0,1,0,0,
19:04:02cl041419.csv00	,1290019,0,2894741,392535185,-764890546,392535185,-764890546,1874,2832560,-125000,-393750,260,85,1308,-1278,-7429,2335,0,0,0,0,3,0,1,0,1,0,0,
19:04:02cl041419.csv00	,1290352,0,2808777,392535333,-764890444,392535333,-764890444,1893,2822632,-212500,-531250,262,85,1336,-1296,-7450,2443,0,0,0,0,3,0,1,0,1,0,0,
19:04:02cl041419.csv00	,1290685,0,2808777,392535333,-764890444,392535333,-764890444,1893,2822632,-212500,-531250,262,85,1338,-1304,-7472,2400,0,0,0,0,3,0,1,0,1,0,0,
19:04:03cl041419.csv00	,1291018,0,2808777,392535333,-764890444,392535333,-764890444,1893,2822632,-212500,-531250,262,85,1336,-1300,-7472,2357,0,0,0,0,3,0,1,0,1,0,0,
19:04:03cl041419.csv00	,1291351,0,2713968,392535475,-764890350,392535475,-764890350,1745,2785294,-154687,-150000,260,85,1338,-1304,-7472,2379,0,0,0,0,3,0,1,0,1,0,0,
19:04:03cl041419.csv00	,1291688,0,2713968,392535475,-764890350,392535475,-764890350,1745,2785294,-154687,-150000,260,85,1342,-1304,-7493,2379,0,0,0,0,3,0,1,0,1,0,0,
19:04:04cl041419.csv00	,1292017,0,2713968,392535475,-764890350,392535475,-764890350,1745,2785294,-154687,-150000,260,85,1340,-1300,-7472,2357,0,0,0,0,3,0,1,0,1,0,0,
19:04:04cl041419.csv00	,1292350,0,2432958,392535624,-764890263,392535624,-764890263,1826,2572565,-125000,-325000,262,85,1338,-1304,-7472,2357,0,0,0,0,3,0,1,0,1,0,0,
19:04:04cl041419.csv00	,1292687,0,2432958,392535624,-764890263,392535624,-764890263,1826,2572565,-125000,-325000,262,85,1336,-1296,-7450,2400,0,0,0,0,3,0,1,0,1,0,0,
19:04:05cl041419.csv00	,1293016,0,2432958,392535624,-764890263,392535624,-764890263,1826,2572565,-125000,-325000,262,85,1338,-1304,-7450,2400,0,0,0,0,3,0,1,0,1,0,0,
19:04:05cl041419.csv00	,1293349,0,2141535,392535778,-764890185,392535778,-764890185,1830,2286684,112500,-127734,260,85,1338,-1304,-7472,2357,0,0,0,0,3,0,1,0,1,0,0,
19:04:05cl041419.csv00	,1293682,0,2141535,392535778,-764890185,392535778,-764890185,1830,2286684,112500,-127734,260,85,1340,-1304,-7472,2357,0,0,0,0,3,0,1,0,1,0,0,
19:04:06cl041419.csv00	,1294015,0,2141535,392535778,-764890185,392535778,-764890185,1830,2286684,112500,-127734,260,85,1338,-1300,-7450,2422,0,0,0,0,3,0,1,0,1,0,0,
19:04:06cl041419.csv00	,1294348,0,1801598,392535928,-764890122,392535928,-764890122,1681,1993601,-25000,-250000,262,86,1336,-1304,-7472,2357,0,0,0,0,3,0,1,0,1,0,0,
19:04:06cl041419.csv00	,1294681,0,1801598,392535928,-764890122,392535928,-764890122,1681,1993601,-25000,-250000,262,86,1338,-1304,-7450,2357,0,0,0,0,3,0,1,0,1,0,0,
19:04:07cl041419.csv00	,1295014,0,1801598,392535928,-764890122,392535928,-764890122,1681,1993601,-25000,-250000,262,86,1338,-1304,-7472,2379,0,0,0,0,3,0,1,0,1,0,0,
19:04:07cl041419.csv00	,1295347,0,1187723,392536090,-764890078,392536090,-764890078,1817,1357559,-187500,-462500,269,85,1338,-1300,-7450,2379,0,0,0,0,3,0,1,0,1,0,0,
19:04:07cl041419.csv00	,1295680,0,1187723,392536090,-764890078,392536090,-764890078,1817,1357559,-187500,-462500,269,85,1338,-1300,-7450,2379,0,0,0,0,3,0,1,0,1,0,0,
19:04:07cl041419.csv00	,1296013,0,1187723,392536090,-764890078,392536090,-764890078,1817,1357559,-187500,-462500,269,85,1338,-1304,-7472,2335,0,0,0,0,3,0,1,0,1,0,0,
19:04:08cl041419.csv00	,1296346,0,616065,392536255,-764890055,392536255,-764890055,1876,814191,62500,-350000,271,85,1338,-1304,-7472,2357,0,0,0,0,3,0,1,0,1,0,0,
19:04:08cl041419.csv00	,1296679,0,616065,392536255,-764890055,392536255,-764890055,1876,814191,62500,-350000,271,85,1338,-1300,-7472,2379,0,0,0,0,3,0,1,0,1,0,0,
19:04:08cl041419.csv00	,1297012,0,616065,392536255,-764890055,392536255,-764890055,1876,814191,62500,-350000,271,85,1334,-1291,-7429,2379,0,0,0,0,3,0,1,0,1,0,0,
19:04:09cl041419.csv00	,1297345,0,243331,392536419,-764890046,392536419,-764890046,1811,369960,112500,-348437,272,85,1336,-1300,-7450,2379,0,0,0,0,3,0,1,0,1,0,0,
19:04:09cl041419.csv00	,1297678,0,243331,392536419,-764890046,392536419,-764890046,1811,369960,112500,-348437,272,85,1338,-1304,-7472,2357,0,0,0,0,3,0,1,0,1,0,0,
19:04:10cl041419.csv00	,1298011,0,243331,392536419,-764890046,392536419,-764890046,1811,369960,112500,-348437,272,85,1338,-1304,-7472,2335,0,0,0,0,3,0,1,0,1,0,0,
19:04:10cl041419.csv00	,1298344,0,35814095,392536586,-764890053,392536586,-764890053,1934,35950215,-191015,-331250,264,85,1338,-1304,-7472,2379,0,0,0,0,3,0,1,0,1,0,0,
19:04:10cl041419.csv00	,1298677,0,35814095,392536586,-764890053,392536586,-764890053,1934,35950215,-191015,-331250,264,85,1338,-1304,-7472,2400,0,0,0,0,3,0,1,0,1,0,0,
19:04:11cl041419.csv00	,1299010,0,35814095,392536586,-764890053,392536586,-764890053,1934,35950215,-191015,-331250,264,85,1340,-1304,-7472,2357,0,0,0,0,3,0,1,0,1,0,0,
19:04:11cl041419.csv00	,1299343,0,125310,392536763,-764890048,392536763,-764890048,1971,79149,-107031,-162500,259,85,1336,-1300,-7450,2379,0,0,0,0,3,0,1,0,1,0,0,
19:04:11cl041419.csv00	,1299676,0,125310,392536763,-764890048,392536763,-764890048,1971,79149,-107031,-162500,259,85,1338,-1304,-7472,2357,0,0,0,0,3,0,1,0,1,0,0,
19:04:12cl041419.csv00	,1300416,0,125310,392536763,-764890048,392536763,-764890048,1971,79149,-107031,-162500,259,85,1336,-1304,-7472,2400,0,0,0,0,3,0,1,0,1,0,0,
19:04:12cl041419.csv00	,1300748,0,549761,392536940,-764890026,392536940,-764890026,1920,399287,-228125,-12500,251,85,1317,-1287,-7429,2335,0,0,0,0,3,0,1,0,1,0,0,
19:04:13cl041419.csv00	,1301081,0,549761,392536940,-764890026,392536940,-764890026,1920,399287,-228125,-12500,251,85,1340,-1304,-7493,2379,0,0,0,0,3,0,1,0,1,0,0,
19:04:13cl041419.csv00	,1301418,0,849917,392537111,-764889993,392537111,-764889993,1874,693359,-211447,-121249,243,85,1342,-1309,-7493,2357,0,0,0,0,3,0,1,0,1,0,0,
19:04:13cl041419.csv00	,1301747,0,849917,392537111,-764889993,392537111,-764889993,1874,693359,-211447,-121249,243,85,1336,-1300,-7493,2357,0,0,0,0,3,0,1,0,1,0,0,
19:04:14cl041419.csv00	,1302080,0,849917,392537111,-764889993,392537111,-764889993,1874,693359,-211447,-121249,243,85,1334,-1300,-7450,2379,0,0,0,0,3,0,1,0,1,0,0,
19:04:14cl041419.csv00	,1302417,0,1251218,392537275,-764889946,392537275,-764889946,1854,1057982,-232900,-181250,241,85,1334,-1300,-7429,2379,0,0,0,0,3,0,1,0,1,0,0,
19:04:14cl041419.csv00	,1302746,0,1251218,392537275,-764889946,392537275,-764889946,1854,1057982,-232900,-181250,241,85,1334,-1300,-7472,2335,0,0,0,0,3,0,1,0,1,0,0,
19:04:15cl041419.csv00	,1303079,0,1251218,392537275,-764889946,392537275,-764889946,1854,1057982,-232900,-181250,241,85,1348,-1317,-7515,2357,0,0,0,0,3,0,1,0,1,0,0,
19:04:15cl041419.csv00	,1303412,0,1561382,392537408,-764889898,392537408,-764889898,1449,1323375,-251573,-170000,238,85,1334,-1300,-7450,2400,0,0,0,0,3,0,1,0,1,0,0,
19:04:15cl041419.csv00	,1303745,0,1561382,392537408,-764889898,392537408,-764889898,1449,1323375,-251573,-170000,238,85,1338,-1304,-7450,2379,0,0,0,0,3,0,1,0,1,0,0,
19:04:16cl041419.csv00	,1304078,0,1561382,392537408,-764889898,392537408,-764889898,1449,1323375,-251573,-170000,238,85,1338,-1300,-7472,2379,0,0,0,0,3,0,1,0,1,0,0,
19:04:16cl041419.csv00	,1304411,0,1327548,392537455,-764889877,392537455,-764889877,279,1327548,-1021875,290937,270,85,1338,-1304,-7493,2379,0,0,0,0,3,0,1,0,1,0,0,
19:04:16cl041419.csv00	,1304744,0,1327548,392537455,-764889877,392537455,-764889877,279,1327548,-1021875,290937,270,85,1338,-1304,-7493,2379,0,0,0,0,3,0,1,0,1,0,0,
19:04:17cl041419.csv00	,1305077,0,1327548,392537455,-764889877,392537455,-764889877,279,1327548,-1021875,290937,270,85,1338,-1300,-7472,2400,0,0,0,0,3,0,1,0,1,0,0,
19:04:17cl041419.csv00	,1305410,0,1334176,392537460,-764889875,392537460,-764889875,58,1334176,120000,-1490000,270,85,1336,-1304,-7450,2379,0,0,0,0,3,0,1,0,1,0,0,
19:04:17cl041419.csv00	,1305743,0,1334176,392537460,-764889875,392537460,-764889875,58,1334176,120000,-1490000,270,85,1338,-1300,-7429,2379,0,0,0,0,3,0,1,0,1,0,0,
19:04:18cl041419.csv00	,1306076,0,1334176,392537460,-764889875,392537460,-764889875,58,1334176,120000,-1490000,270,85,1338,-1304,-7450,2400,0,0,0,0,3,0,1,0,1,0,0,
19:04:18cl041419.csv00	,1306409,0,1342752,392537459,-764889875,392537459,-764889875,19,1342752,85625,-1375312,268,85,1338,-1304,-7472,2379,0,0,0,0,3,0,1,0,1,0,0,
19:04:18cl041419.csv00	,1306742,0,1342752,392537459,-764889875,392537459,-764889875,19,1342752,85625,-1375312,268,85,1338,-1304,-7472,2357,0,0,0,0,3,0,1,0,1,0,0,
19:04:19cl041419.csv00	,1307075,0,1342752,392537459,-764889875,392537459,-764889875,19,1342752,85625,-1375312,268,85,1338,-1300,-7450,2379,0,0,0,0,3,0,1,0,1,0,0,
19:04:19cl041419.csv00	,1307408,0,1352697,392537454,-764889876,392537454,-764889876,18,1352697,64687,-1361250,262,85,1338,-1300,-7472,2357,0,0,0,0,3,0,1,0,1,0,0,
19:04:19cl041419.csv00	,1307741,0,1352697,392537454,-764889876,392537454,-764889876,18,1352697,64687,-1361250,262,85,1336,-1300,-7450,2379,0,0,0,0,3,0,1,0,1,0,0,
19:04:20cl041419.csv00	,1308074,0,1352697,392537454,-764889876,392537454,-764889876,18,1352697,64687,-1361250,262,85,1338,-1300,-7429,2379,0,0,0,0,3,0,1,0,1,0,0,
19:04:20cl041419.csv00	,1308407,0,1363438,392537453,-764889875,392537453,-764889875,10,1363438,65625,-1379375,255,85,1338,-1309,-7493,2357,0,0,0,0,3,0,1,0,1,0,0,
19:04:20cl041419.csv00	,1308740,0,1363438,392537453,-764889875,392537453,-764889875,10,1363438,65625,-1379375,255,85,1338,-1300,-7450,2357,0,0,0,0,3,0,1,0,1,0,0,
19:04:21cl041419.csv00	,1309073,0,1363438,392537453,-764889875,392537453,-764889875,10,1363438,65625,-1379375,255,85,1336,-1300,-7450,2357,0,0,0,0,3,0,1,0,1,0,0,
19:04:21cl041419.csv00	,1309406,0,1374469,392537453,-764889874,392537453,-764889874,12,1374469,82359,-1361562,248,85,1336,-1300,-7450,2379,0,0,0,0,3,0,1,0,1,0,0,
19:04:21cl041419.csv00	,1309739,0,1374469,392537453,-764889874,392537453,-764889874,12,1374469,82359,-1361562,248,85,1338,-1300,-7472,2357,0,0,0,0,3,0,1,0,1,0,0,
19:04:22cl041419.csv00	,1310072,0,1374469,392537453,-764889874,392537453,-764889874,12,1374469,82359,-1361562,248,85,1336,-1300,-7450,2379,0,0,0,0,3,0,1,0,1,0,0,
19:04:22cl041419.csv00	,1310405,0,1385388,392537455,-764889873,392537455,-764889873,14,1385388,73323,-1351875,244,85,1338,-1300,-7450,2357,0,0,0,0,3,0,1,0,1,0,0,
19:04:23cl041419.csv00	,1311148,0,1385388,392537455,-764889873,392537455,-764889873,14,1385388,73323,-1351875,244,85,1338,-1304,-7472,2422,0,0,0,0,3,0,1,0,1,0,0,
19:04:23cl041419.csv00	,1311476,0,1395894,392537454,-764889872,392537454,-764889872,3,1395894,65726,-1373374,242,85,1319,-1287,-7407,2379,0,0,0,0,3,0,1,0,1,0,0,
19:04:23cl041419.csv00	,1311809,0,1395894,392537454,-764889872,392537454,-764889872,3,1395894,65726,-1373374,242,85,1338,-1304,-7450,2335,0,0,0,0,3,0,1,0,1,0,0,
19:04:24cl041419.csv00	,1312142,0,1395894,392537454,-764889872,392537454,-764889872,3,1395894,65726,-1373374,242,85,1340,-1309,-7493,2357,0,0,0,0,3,0,1,0,1,0,0,
19:04:24cl041419.csv00	,1312475,0,1405788,392537449,-764889877,392537449,-764889877,7,1405788,74675,-1357298,239,85,1338,-1300,-7450,2379,0,0,0,0,3,0,1,0,1,0,0,
19:04:24cl041419.csv00	,1312808,0,1405788,392537449,-764889877,392537449,-764889877,7,1405788,74675,-1357298,239,85,1340,-1309,-7472,2357,0,0,0,0,3,0,1,0,1,0,0,
19:04:25cl041419.csv00	,1313141,0,1405788,392537449,-764889877,392537449,-764889877,7,1405788,74675,-1357298,239,85,1338,-1304,-7493,2357,0,0,0,0,3,0,1,0,1,0,0,
19:04:25cl041419.csv00	,1313474,0,1414954,392537444,-764889880,392537444,-764889880,9,1414954,57812,-1374062,237,85,1338,-1300,-7450,2335,0,0,0,0,3,0,1,0,1,0,0,
19:04:25cl041419.csv00	,1313807,0,1414954,392537444,-764889880,392537444,-764889880,9,1414954,57812,-1374062,237,85,1338,-1300,-7472,2357,0,0,0,0,3,0,1,0,1,0,0,
19:04:26cl041419.csv00	,1314140,0,1414954,392537444,-764889880,392537444,-764889880,9,1414954,57812,-1374062,237,85,1338,-1300,-7450,2379,0,0,0,0,3,0,1,0,1,0,0,
19:04:26cl041419.csv00	,1314473,0,1423338,392537441,-764889883,392537441,-764889883,2,1423338,63683,-1355809,235,85,1334,-1304,-7450,2379,0,0,0,0,3,0,1,0,1,0,0,
19:04:26cl041419.csv00	,1314806,0,1423338,392537441,-764889883,392537441,-764889883,2,1423338,63683,-1355809,235,85,1338,-1304,-7472,2335,0,0,0,0,3,0,1,0,1,0,0,
19:04:27cl041419.csv00	,1315139,0,1423338,392537441,-764889883,392537441,-764889883,2,1423338,63683,-1355809,235,85,1338,-1300,-7472,2379,0,0,0,0,3,0,1,0,1,0,0,
19:04:27cl041419.csv00	,1315472,0,1430930,392537438,-764889886,392537438,-764889886,6,1430930,72500,-1360951,229,85,1336,-1304,-7450,2357,0,0,0,0,3,0,1,0,1,0,0,
19:04:27cl041419.csv00	,1315805,0,1430930,392537438,-764889886,392537438,-764889886,6,1430930,72500,-1360951,229,85,1338,-1300,-7429,2400,0,0,0,0,3,0,1,0,1,0,0,
19:04:28cl041419.csv00	,1316138,0,1430930,392537438,-764889886,392537438,-764889886,6,1430930,72500,-1360951,229,85,1340,-1304,-7450,2379,0,0,0,0,3,0,1,0,1,0,0,
19:04:28cl041419.csv00	,1316471,0,1437756,392537434,-764889888,392537434,-764889888,17,1437756,71326,-1374827,224,85,1336,-1300,-7450,2422,0,0,0,0,3,0,1,0,1,0,0,
19:04:28cl041419.csv00	,1316804,0,1437756,392537434,-764889888,392537434,-764889888,17,1437756,71326,-1374827,224,85,1338,-1300,-7450,2335,0,0,0,0,3,0,1,0,1,0,0,
19:04:29cl041419.csv00	,1317137,0,1437756,392537434,-764889888,392537434,-764889888,17,1437756,71326,-1374827,224,85,1338,-1309,-7472,2379,0,0,0,0,3,0,1,0,1,0,0,
19:04:29cl041419.csv00	,1317474,0,1443860,392537429,-764889893,392537429,-764889893,19,1443860,63658,-1357737,220,85,1338,-1304,-7493,2357,0,0,0,0,3,0,1,0,1,0,0,
19:04:29cl041419.csv00	,1317803,0,1443860,392537429,-764889893,392537429,-764889893,19,1443860,63658,-1357737,220,85,1336,-1300,-7472,2379,0,0,0,0,3,0,1,0,1,0,0,
19:04:30cl041419.csv00	,1318136,0,1443860,392537429,-764889893,392537429,-764889893,19,1443860,63658,-1357737,220,85,1338,-1309,-7493,2357,0,0,0,0,3,0,1,0,1,0,0,
19:04:30cl041419.csv00	,1318469,0,1449290,392537426,-764889895,392537426,-764889895,6,1449290,58437,-1360312,219,85,1336,-1300,-7450,2379,0,0,0,0,3,0,1,0,1,0,0,
19:04:30cl041419.csv00	,1318802,0,1449290,392537426,-764889895,392537426,-764889895,6,1449290,58437,-1360312,219,85,1338,-1304,-7450,2379,0,0,0,0,3,0,1,0,1,0,0,
19:04:31cl041419.csv00	,1319135,0,1449290,392537426,-764889895,392537426,-764889895,6,1449290,58437,-1360312,219,85,1336,-1300,-7472,2379,0,0,0,0,3,0,1,0,1,0,0,
19:04:31cl041419.csv00	,1319468,0,1454106,392537425,-764889896,392537425,-764889896,26,1454106,73437,-1358383,214,85,1336,-1304,-7450,2422,0,0,0,0,3,0,1,0,1,0,0,
19:04:31cl041419.csv00	,1319801,0,1454106,392537425,-764889896,392537425,-764889896,26,1454106,73437,-1358383,214,85,1336,-1300,-7450,2379,0,0,0,0,3,0,1,0,1,0,0,
19:04:32cl041419.csv00	,1320134,0,1454106,392537425,-764889896,392537425,-764889896,26,1454106,73437,-1358383,214,85,1338,-1304,-7493,2357,0,0,0,0,3,0,1,0,1,0,0,
19:04:32cl041419.csv00	,1320467,0,1458364,392537422,-764889899,392537422,-764889899,21,1458364,75947,-1368524,213,85,1336,-1304,-7450,2357,0,0,0,0,3,0,1,0,1,0,0,
19:04:32cl041419.csv00	,1320800,0,1458364,392537422,-764889899,392537422,-764889899,21,1458364,75947,-1368524,213,85,1338,-1300,-7450,2400,0,0,0,0,3,0,1,0,1,0,0,
19:04:33cl041419.csv00	,1321133,0,1458364,392537422,-764889899,392537422,-764889899,21,1458364,75947,-1368524,213,85,1338,-1309,-7493,2357,0,0,0,0,3,0,1,0,1,0,0,
19:04:33cl041419.csv00	,1321890,0,1462122,392537420,-764889901,392537420,-764889901,19,1462122,58750,-1361875,210,85,1338,-1309,-7472,2400,0,0,0,0,3,0,1,0,1,0,0,
19:04:34cl041419.csv00	,1322223,0,1462122,392537420,-764889901,392537420,-764889901,19,1462122,58750,-1361875,210,85,1319,-1287,-7429,2335,0,0,0,0,3,0,1,0,1,0,0,
19:04:34cl041419.csv00	,1322557,0,1465435,392537417,-764889902,392537417,-764889902,6,1465435,65198,-1356533,209,87,1336,-1304,-7450,2379,0,0,0,0,3,0,1,0,1,0,0,
19:04:34cl041419.csv00	,1322889,0,1465435,392537417,-764889902,392537417,-764889902,6,1465435,65198,-1356533,209,87,1338,-1304,-7472,2379,0,0,0,0,3,0,1,0,1,0,0,
19:04:35cl041419.csv00	,1323222,0,1465435,392537417,-764889902,392537417,-764889902,6,1465435,65198,-1356533,209,87,1338,-1309,-7493,2400,0,0,0,0,3,0,1,0,1,0,0,
19:04:35cl041419.csv00	,1323555,0,1468351,392537415,-764889900,392537415,-764889900,9,1468351,67287,-1353702,204,87,1338,-1300,-7472,2335,0,0,0,0,3,0,1,0,1,0,0,
19:04:35cl041419.csv00	,1323888,0,1468351,392537415,-764889900,392537415,-764889900,9,1468351,67287,-1353702,204,87,1338,-1304,-7472,2357,0,0,0,0,3,0,1,0,1,0,0,
19:04:36cl041419.csv00	,1324221,0,1468351,392537415,-764889900,392537415,-764889900,9,1468351,67287,-1353702,204,87,1338,-1304,-7450,2335,0,0,0,0,3,0,1,0,1,0,0,
19:04:36cl041419.csv00	,1324554,0,1470917,392537413,-764889900,392537413,-764889900,6,1470917,65312,-1360000,199,87,1338,-1304,-7472,2400,0,0,0,0,3,0,1,0,1,0,0,
19:04:36cl041419.csv00	,1324887,0,1470917,392537413,-764889900,392537413,-764889900,6,1470917,65312,-1360000,199,87,1338,-1300,-7429,2357,0,0,0,0,3,0,1,0,1,0,0,
19:04:37cl041419.csv00	,1325224,0,1470917,392537413,-764889900,392537413,-764889900,6,1470917,65312,-1360000,199,87,1338,-1304,-7472,2357,0,0,0,0,3,0,1,0,1,0,0,
19:04:37cl041419.csv00	,1325553,0,1473171,392537410,-764889900,392537410,-764889900,7,1473171,66874,-1357812,194,87,1338,-1304,-7472,2379,0,0,0,0,3,0,1,0,1,0,0,
19:04:37cl041419.csv00	,1325886,0,1473171,392537410,-764889900,392537410,-764889900,7,1473171,66874,-1357812,194,87,1340,-1304,-7450,2379,0,0,0,0,3,0,1,0,1,0,0,
19:04:38cl041419.csv00	,1326219,0,1473171,392537410,-764889900,392537410,-764889900,7,1473171,66874,-1357812,194,87,1338,-1304,-7450,2379,0,0,0,0,3,0,1,0,1,0,0,
19:04:38cl041419.csv00	,1326552,0,1475153,392537409,-764889898,392537409,-764889898,42,1475153,82812,-1362369,187,87,1336,-1300,-7450,2379,0,0,0,0,3,0,1,0,1,0,0,
19:04:38cl041419.csv00	,1326885,0,1475153,392537409,-764889898,392537409,-764889898,42,1475153,82812,-1362369,187,87,1336,-1300,-7450,2400,0,0,0,0,3,0,1,0,1,0,0,
19:04:39cl041419.csv00	,1327218,0,1475153,392537409,-764889898,392537409,-764889898,42,1475153,82812,-1362369,187,87,1338,-1304,-7450,2400,0,0,0,0,3,0,1,0,1,0,0,
19:04:39cl041419.csv00	,1327551,0,1476893,392537406,-764889897,392537406,-764889897,17,1476893,65312,-1360992,185,87,1338,-1300,-7450,2400,0,0,0,0,3,0,1,0,1,0,0,
19:04:39cl041419.csv00	,1327884,0,1476893,392537406,-764889897,392537406,-764889897,17,1476893,65312,-1360992,185,87,1340,-1304,-7493,2379,0,0,0,0,3,0,1,0,1,0,0,
19:04:40cl041419.csv00	,1328217,0,1476893,392537406,-764889897,392537406,-764889897,17,1476893,65312,-1360992,185,87,1338,-1304,-7472,2379,0,0,0,0,3,0,1,0,1,0,0,
19:04:40cl041419.csv00	,1328550,0,1478421,392537402,-764889897,392537402,-764889897,10,1478421,75619,-1366562,181,87,1338,-1304,-7450,2379,0,0,0,0,3,0,1,0,1,0,0,
19:04:40cl041419.csv00	,1328883,0,1478421,392537402,-764889897,392537402,-764889897,10,1478421,75619,-1366562,181,87,1336,-1300,-7450,2357,0,0,0,0,3,0,1,0,1,0,0,
19:04:41cl041419.csv00	,1329216,0,1478421,392537402,-764889897,392537402,-764889897,10,1478421,75619,-1366562,181,87,1340,-1300,-7450,2379,0,0,0,0,3,0,1,0,1,0,0,
19:04:41cl041419.csv00	,1329549,0,1479763,392537398,-764889897,392537398,-764889897,8,1479763,67187,-1368685,175,87,1338,-1304,-7472,2335,0,0,0,0,3,0,1,0,1,0,0,
19:04:41cl041419.csv00	,1329882,0,1479763,392537398,-764889897,392537398,-764889897,8,1479763,67187,-1368685,175,87,1338,-1300,-7450,2379,0,0,0,0,3,0,1,0,1,0,0,
19:04:42cl041419.csv00	,1330215,0,1479763,392537398,-764889897,392537398,-764889897,8,1479763,67187,-1368685,175,87,1336,-1300,-7450,2379,0,0,0,0,3,0,1,0,1,0,0,
19:04:42cl041419.csv00	,1330548,0,1480940,392537392,-764889896,392537392,-764889896,8,1480940,70272,-1366144,174,87,1338,-1300,-7472,2379,0,0,0,0,3,0,1,0,1,0,0,
19:04:42cl041419.csv00	,1330881,0,1480940,392537392,-764889896,392537392,-764889896,8,1480940,70272,-1366144,174,87,1338,-1300,-7450,2379,0,0,0,0,3,0,1,0,1,0,0,
19:04:43cl041419.csv00	,1331214,0,1480940,392537392,-764889896,392537392,-764889896,8,1480940,70272,-1366144,174,87,1338,-1304,-7472,2379,0,0,0,0,3,0,1,0,1,0,0,
19:04:43cl041419.csv00	,1331551,0,1481974,392537387,-764889897,392537387,-764889897,6,1481974,65312,-1363384,171,87,1336,-1300,-7472,2379,0,0,0,0,3,0,1,0,1,0,0,
19:04:43cl041419.csv00	,1331880,0,1481974,392537387,-764889897,392537387,-764889897,6,1481974,65312,-1363384,171,87,1338,-1304,-7450,2379,0,0,0,0,3,0,1,0,1,0,0,
19:04:44cl041419.csv00	,1332618,0,1481974,392537387,-764889897,392537387,-764889897,6,1481974,65312,-1363384,171,87,1338,-1309,-7472,2422,0,0,0,0,3,0,1,0,1,0,0,
19:04:44cl041419.csv00	,1332950,0,1482882,392537384,-764889896,392537384,-764889896,20,1482882,61881,-1362533,170,87,1317,-1287,-7429,2357,0,0,0,0,3,0,1,0,1,0,0,
19:04:45cl041419.csv00	,1333283,0,1483679,392537381,-764889896,392537381,-764889896,6,1483679,64375,-1363667,163,87,1338,-1304,-7472,2379,0,0,0,0,3,0,1,0,1,0,0,
19:04:45cl041419.csv00	,1333616,0,1483679,392537381,-764889896,392537381,-764889896,6,1483679,64375,-1363667,163,87,1338,-1304,-7472,2379,0,0,0,0,3,0,1,0,1,0,0,
19:04:45cl041419.csv00	,1333949,0,1483679,392537381,-764889896,392537381,-764889896,6,1483679,64375,-1363667,163,87,1336,-1300,-7450,2422,0,0,0,0,3,0,1,0,1,0,0,
19:04:46cl041419.csv00	,1334282,0,1484378,392537376,-764889897,392537376,-764889897,13,1484378,67968,-1364078,159,87,1338,-1304,-7450,2357,0,0,0,0,3,0,1,0,1,0,0,
19:04:46cl041419.csv00	,1334615,0,1484378,392537376,-764889897,392537376,-764889897,13,1484378,67968,-1364078,159,87,1338,-1300,-7450,2379,0,0,0,0,3,0,1,0,1,0,0,
19:04:46cl041419.csv00	,1334948,0,1484378,392537376,-764889897,392537376,-764889897,13,1484378,67968,-1364078,159,87,1338,-1300,-7450,2400,0,0,0,0,3,0,1,0,1,0,0,
19:04:47cl041419.csv00	,1335281,0,1484991,392537370,-764889898,392537370,-764889898,19,1484991,64062,-1366015,152,87,1338,-1309,-7493,2335,0,0,0,0,3,0,1,0,1,0,0,
19:04:47cl041419.csv00	,1335614,0,1484991,392537370,-764889898,392537370,-764889898,19,1484991,64062,-1366015,152,87,1336,-1300,-7450,2379,0,0,0,0,3,0,1,0,1,0,0,
19:04:47cl041419.csv00	,1335947,0,1484991,392537370,-764889898,392537370,-764889898,19,1484991,64062,-1366015,152,87,1338,-1304,-7450,2357,0,0,0,0,3,0,1,0,1,0,0,
19:04:48cl041419.csv00	,1336280,0,1484991,392537370,-764889898,392537370,-764889898,19,1484991,64062,-1366015,152,87,1336,-1300,-7472,2379,0,0,0,0,3,0,1,0,1,0,0,
19:04:48cl041419.csv00	,1336613,0,1485530,392537366,-764889899,392537366,-764889899,24,1485530,68854,-1357421,146,87,1336,-1296,-7450,2400,0,0,0,0,3,0,1,0,1,0,0,
19:04:48cl041419.csv00	,1336946,0,1485530,392537366,-764889899,392537366,-764889899,24,1485530,68854,-1357421,146,87,1336,-1300,-7450,2400,0,0,0,0,3,0,1,0,1,0,0,
19:04:49cl041419.csv00	,1337279,0,1485530,392537366,-764889899,392537366,-764889899,24,1485530,68854,-1357421,146,87,1336,-1300,-7450,2379,0,0,0,0,3,0,1,0,1,0,0,
19:04:49cl041419.csv00	,1337612,0,1486003,392537362,-764889901,392537362,-764889901,9,1486003,76875,-1367500,142,87,1340,-1309,-7472,2357,0,0,0,0,3,0,1,0,1,0,0,
19:04:49cl041419.csv00	,1337945,0,1486003,392537362,-764889901,392537362,-764889901,9,1486003,76875,-1367500,142,87,1338,-1300,-7472,2400,0,0,0,0,3,0,1,0,1,0,0,
19:04:50cl041419.csv00	,1338278,0,1486418,392537361,-764889901,392537361,-764889901,13,1486418,57861,-1368756,136,87,1338,-1309,-7472,2400,0,0,0,0,3,0,1,0,1,0,0,
19:04:50cl041419.csv00	,1338611,0,1486418,392537361,-764889901,392537361,-764889901,13,1486418,57861,-1368756,136,87,1338,-1304,-7429,2400,0,0,0,0,3,0,1,0,1,0,0,
19:04:50cl041419.csv00	,1338944,0,1486418,392537361,-764889901,392537361,-764889901,13,1486418,57861,-1368756,136,87,1338,-1300,-7493,2357,0,0,0,0,3,0,1,0,1,0,0,
19:04:51cl041419.csv00	,1339290,0,1486782,392537360,-764889901,392537360,-764889901,11,1486782,76086,-1362109,135,87,1338,-1309,-7493,2379,0,0,0,0,3,0,1,0,1,0,0,
19:04:51cl041419.csv00	,1339610,0,1486782,392537360,-764889901,392537360,-764889901,11,1486782,76086,-1362109,135,87,1336,-1300,-7450,2400,0,0,0,0,3,0,1,0,1,0,0,
19:04:51cl041419.csv00	,1339943,0,1486782,392537360,-764889901,392537360,-764889901,11,1486782,76086,-1362109,135,87,1336,-1300,-7450,2400,0,0,0,0,3,0,1,0,1,0,0,
19:04:52cl041419.csv00	,1340276,0,1486782,392537360,-764889901,392537360,-764889901,11,1486782,76086,-1362109,135,87,1336,-1300,-7450,2379,0,0,0,0,3,0,1,0,1,0,0,
19:04:52cl041419.csv00	,1340609,0,1487102,392537357,-764889902,392537357,-764889902,15,1487102,69791,-1355729,133,87,1338,-1304,-7472,2400,0,0,0,0,3,0,1,0,1,0,0,
19:04:52cl041419.csv00	,1340942,0,1487102,392537357,-764889902,392537357,-764889902,15,1487102,69791,-1355729,133,87,1336,-1300,-7450,2400,0,0,0,0,3,0,1,0,1,0,0,
19:04:53cl041419.csv00	,1341275,0,1487382,392537355,-764889901,392537355,-764889901,5,1487382,72500,-1354555,130,87,1338,-1300,-7450,2422,0,0,0,0,3,0,1,0,1,0,0,
19:04:53cl041419.csv00	,1341608,0,1487382,392537355,-764889901,392537355,-764889901,5,1487382,72500,-1354555,130,87,1336,-1300,-7450,2357,0,0,0,0,3,0,1,0,1,0,0,
19:04:53cl041419.csv00	,1341941,0,1487382,392537355,-764889901,392537355,-764889901,5,1487382,72500,-1354555,130,87,1338,-1304,-7450,2400,0,0,0,0,3,0,1,0,1,0,0,
19:04:54cl041419.csv00	,1342274,0,1487629,392537353,-764889900,392537353,-764889900,11,1487629,76953,-1360207,125,87,1336,-1296,-7450,2400,0,0,0,0,3,0,1,0,1,0,0,
19:04:54cl041419.csv00	,1342607,0,1487629,392537353,-764889900,392537353,-764889900,11,1487629,76953,-1360207,125,87,1338,-1304,-7472,2379,0,0,0,0,3,0,1,0,1,0,0,
19:04:55cl041419.csv00	,1343346,0,1487629,392537353,-764889900,392537353,-764889900,11,1487629,76953,-1360207,125,87,1340,-1309,-7472,2400,0,0,0,0,3,0,1,0,1,0,0,
19:04:55cl041419.csv00	,1343679,0,1487845,392537352,-764889896,392537352,-764889896,12,1487845,65562,-1366824,121,87,1319,-1283,-7407,2422,0,0,0,0,3,0,1,0,1,0,0,
19:04:56cl041419.csv00	,1344012,0,1487845,392537352,-764889896,392537352,-764889896,12,1487845,65562,-1366824,121,87,1336,-1300,-7450,2379,0,0,0,0,3,0,1,0,1,0,0,
19:04:56cl041419.csv00	,1344345,0,1488035,392537352,-764889895,392537352,-764889895,16,1488035,80896,-1355550,118,87,1338,-1304,-7472,2379,0,0,0,0,3,0,1,0,1,0,0,
19:04:56cl041419.csv00	,1344678,0,1488035,392537352,-764889895,392537352,-764889895,16,1488035,80896,-1355550,118,87,1338,-1304,-7493,2357,0,0,0,0,3,0,1,0,1,0,0,
19:04:57cl041419.csv00	,1345011,0,1488035,392537352,-764889895,392537352,-764889895,16,1488035,80896,-1355550,118,87,1338,-1304,-7429,2379,0,0,0,0,3,0,1,0,1,0,0,
19:04:57cl041419.csv00	,1345344,0,1488202,392537351,-764889893,392537351,-764889893,9,1488202,69921,-1351090,115,87,1340,-1300,-7450,2400,0,0,0,0,3,0,1,0,1,0,0,
19:04:57cl041419.csv00	,1345677,0,1488202,392537351,-764889893,392537351,-764889893,9,1488202,69921,-1351090,115,87,1338,-1304,-7472,2379,0,0,0,0,3,0,1,0,1,0,0,
19:04:58cl041419.csv00	,1346010,0,1488202,392537351,-764889893,392537351,-764889893,9,1488202,69921,-1351090,115,87,1338,-1300,-7472,2379,0,0,0,0,3,0,1,0,1,0,0,
19:04:58cl041419.csv00	,1346343,0,1488349,392537349,-764889892,392537349,-764889892,12,1488349,84765,-1356640,108,89,1340,-1304,-7472,2379,0,0,0,0,3,0,1,0,1,0,0,
19:04:58cl041419.csv00	,1346676,0,1488349,392537349,-764889892,392537349,-764889892,12,1488349,84765,-1356640,108,89,1338,-1309,-7472,2400,0,0,0,0,3,0,1,0,1,0,0,
19:04:59cl041419.csv00	,1347013,0,1488349,392537349,-764889892,392537349,-764889892,12,1488349,84765,-1356640,108,89,1338,-1304,-7472,2379,0,0,0,0,3,0,1,0,1,0,0,
19:04:59cl041419.csv00	,1347342,0,1488477,392537345,-764889890,392537345,-764889890,11,1488477,75504,-1337890,106,89,1338,-1300,-7472,2379,0,0,0,0,3,0,1,0,1,0,0,
19:04:59cl041419.csv00	,1347675,0,1488477,392537345,-764889890,392537345,-764889890,11,1488477,75504,-1337890,106,89,1336,-1300,-7472,2379,0,0,0,0,3,0,1,0,1,0,0,
19:05:00cl041419.csv00	,1348008,0,1488477,392537345,-764889890,392537345,-764889890,11,1488477,75504,-1337890,106,89,1338,-1304,-7472,2379,0,0,0,0,3,0,1,0,1,0,0,
19:05:00cl041419.csv00	,1348341,0,1488590,392537340,-764889890,392537340,-764889890,5,1488590,84938,-1346875,99,89,1338,-1300,-7472,2400,0,0,0,0,3,0,1,0,1,0,0,
19:05:00cl041419.csv00	,1348674,0,1488590,392537340,-764889890,392537340,-764889890,5,1488590,84938,-1346875,99,89,1338,-1300,-7450,2379,0,0,0,0,3,0,1,0,1,0,0,
19:05:01cl041419.csv00	,1349007,0,1488590,392537340,-764889890,392537340,-764889890,5,1488590,84938,-1346875,99,89,1336,-1300,-7472,2357,0,0,0,0,3,0,1,0,1,0,0,
19:05:01cl041419.csv00	,1349340,0,1488690,392537336,-764889889,392537336,-764889889,2,1488690,78515,-1343359,97,89,1338,-1304,-7472,2379,0,0,0,0,3,0,1,0,1,0,0,
19:05:01cl041419.csv00	,1349673,0,1488690,392537336,-764889889,392537336,-764889889,2,1488690,78515,-1343359,97,89,1336,-1300,-7472,2379,0,0,0,0,3,0,1,0,1,0,0,
19:05:01cl041419.csv00	,1350007,0,1488690,392537336,-764889889,392537336,-764889889,2,1488690,78515,-1343359,97,89,1338,-1304,-7472,2379,0,0,0,0,3,0,1,0,1,0,0,
19:05:02cl041419.csv00	,1350339,0,1488777,392537333,-764889889,392537333,-764889889,9,1488777,66406,-1352247,92,89,1338,-1304,-7450,2379,0,0,0,0,3,0,1,0,1,0,0,
19:05:02cl041419.csv00	,1350672,0,1488777,392537333,-764889889,392537333,-764889889,9,1488777,66406,-1352247,92,89,1338,-1304,-7450,2379,0,0,0,0,3,0,1,0,1,0,0,
19:05:02cl041419.csv00	,1351005,0,1488777,392537333,-764889889,392537333,-764889889,9,1488777,66406,-1352247,92,89,1338,-1300,-7450,2357,0,0,0,0,3,0,1,0,1,0,0,
19:05:03cl041419.csv00	,1351338,0,1488854,392537330,-764889888,392537330,-764889888,7,1488854,68359,-1345649,89,87,1338,-1304,-7472,2422,0,0,0,0,3,0,1,0,1,0,0,
19:05:03cl041419.csv00	,1351671,0,1488854,392537330,-764889888,392537330,-764889888,7,1488854,68359,-1345649,89,87,1338,-1304,-7472,2400,0,0,0,0,3,0,1,0,1,0,0,
19:05:04cl041419.csv00	,1352004,0,1488854,392537330,-764889888,392537330,-764889888,7,1488854,68359,-1345649,89,87,1336,-1300,-7450,2357,0,0,0,0,3,0,1,0,1,0,0,
19:05:04cl041419.csv00	,1352337,0,1488921,392537326,-764889885,392537326,-764889885,7,1488921,65234,-1355859,84,89,1338,-1304,-7429,2379,0,0,0,0,3,0,1,0,1,0,0,
19:05:04cl041419.csv00	,1352670,0,1488921,392537326,-764889885,392537326,-764889885,7,1488921,65234,-1355859,84,89,1338,-1304,-7472,2400,0,0,0,0,3,0,1,0,1,0,0,
19:05:05cl041419.csv00	,1353003,0,1488921,392537326,-764889885,392537326,-764889885,7,1488921,65234,-1355859,84,89,1338,-1304,-7472,2422,0,0,0,0,3,0,1,0,1,0,0,
19:05:05cl041419.csv00	,1353340,0,1488980,392537322,-764889884,392537322,-764889884,10,1488980,61328,-1345585,82,89,1338,-1300,-7450,2400,0,0,0,0,3,0,1,0,1,0,0,
19:05:06cl041419.csv00	,1354075,0,1488980,392537322,-764889884,392537322,-764889884,10,1488980,61328,-1345585,82,89,1338,-1304,-7472,2400,0,0,0,0,3,0,1,0,1,0,0,
19:05:06cl041419.csv00	,1354407,0,1489032,392537319,-764889882,392537319,-764889882,10,1489032,68359,-1343972,77,89,1315,-1283,-7407,2335,0,0,0,0,3,0,1,0,1,0,0,
19:05:06cl041419.csv00	,1354740,0,1489032,392537319,-764889882,392537319,-764889882,10,1489032,68359,-1343972,77,89,1336,-1300,-7450,2357,0,0,0,0,3,0,1,0,1,0,0,
19:05:07cl041419.csv00	,1355073,0,1489032,392537319,-764889882,392537319,-764889882,10,1489032,68359,-1343972,77,89,1338,-1304,-7472,2422,0,0,0,0,3,0,1,0,1,0,0,
19:05:07cl041419.csv00	,1355406,0,1489078,392537316,-764889882,392537316,-764889882,13,1489078,75625,-1351768,68,89,1338,-1304,-7472,2400,0,0,0,0,3,0,1,0,1,0,0,
19:05:07cl041419.csv00	,1355739,0,1489078,392537316,-764889882,392537316,-764889882,13,1489078,75625,-1351768,68,89,1336,-1300,-7472,2422,0,0,0,0,3,0,1,0,1,0,0,
19:05:08cl041419.csv00	,1356072,0,1489078,392537316,-764889882,392537316,-764889882,13,1489078,75625,-1351768,68,89,1338,-1304,-7450,2400,0,0,0,0,3,0,1,0,1,0,0,
19:05:08cl041419.csv00	,1356405,0,1489118,392537315,-764889879,392537315,-764889879,6,1489118,66562,-1346250,63,89,1336,-1304,-7472,2379,0,0,0,0,3,0,1,0,1,0,0,
19:05:08cl041419.csv00	,1356738,0,1489118,392537315,-764889879,392537315,-764889879,6,1489118,66562,-1346250,63,89,1336,-1304,-7472,2379,0,0,0,0,3,0,1,0,1,0,0,
19:05:09cl041419.csv00	,1357071,0,1489118,392537315,-764889879,392537315,-764889879,6,1489118,66562,-1346250,63,89,1338,-1300,-7450,2400,0,0,0,0,3,0,1,0,1,0,0,
19:05:09cl041419.csv00	,1357405,0,1489153,392537315,-764889878,392537315,-764889878,24,1489153,76875,-1345044,60,89,1336,-1300,-7450,2400,0,0,0,0,3,0,1,0,1,0,0,
19:05:09cl041419.csv00	,1357737,0,1489153,392537315,-764889878,392537315,-764889878,24,1489153,76875,-1345044,60,89,1338,-1304,-7450,2357,0,0,0,0,3,0,1,0,1,0,0,
19:05:10cl041419.csv00	,1358070,0,1489153,392537315,-764889878,392537315,-764889878,24,1489153,76875,-1345044,60,89,1338,-1304,-7472,2379,0,0,0,0,3,0,1,0,1,0,0,
19:05:10cl041419.csv00	,1358403,0,1489184,392537313,-764889876,392537313,-764889876,13,1489184,61250,-1334375,56,89,1336,-1300,-7472,2400,0,0,0,0,3,0,1,0,1,0,0,
19:05:10cl041419.csv00	,1358736,0,1489184,392537313,-764889876,392537313,-764889876,13,1489184,61250,-1334375,56,89,1336,-1304,-7472,2400,0,0,0,0,3,0,1,0,1,0,0,
19:05:11cl041419.csv00	,1359069,0,1489184,392537313,-764889876,392537313,-764889876,13,1489184,61250,-1334375,56,89,1336,-1304,-7472,2400,0,0,0,0,3,0,1,0,1,0,0,
19:05:11cl041419.csv00	,1359402,0,1489212,392537310,-764889873,392537310,-764889873,13,1489212,70312,-1341407,50,89,1338,-1304,-7450,2422,0,0,0,0,3,0,1,0,1,0,0,
19:05:11cl041419.csv00	,1359735,0,1489212,392537310,-764889873,392537310,-764889873,13,1489212,70312,-1341407,50,89,1340,-1304,-7472,2379,0,0,0,0,3,0,1,0,1,0,0,
19:05:12cl041419.csv00	,1360072,0,1489212,392537310,-764889873,392537310,-764889873,13,1489212,70312,-1341407,50,89,1338,-1309,-7450,2379,0,0,0,0,3,0,1,0,1,0,0,
19:05:12cl041419.csv00	,1360401,0,1489236,392537306,-764889872,392537306,-764889872,18,1489236,73420,-1346444,46,89,1338,-1304,-7472,2400,0,0,0,0,3,0,1,0,1,0,0,
19:05:12cl041419.csv00	,1360735,0,1489236,392537306,-764889872,392537306,-764889872,18,1489236,73420,-1346444,46,89,1338,-1300,-7450,2400,0,0,0,0,3,0,1,0,1,0,0,
19:05:13cl041419.csv00	,1361067,0,1489236,392537306,-764889872,392537306,-764889872,18,1489236,73420,-1346444,46,89,1338,-1300,-7472,2379,0,0,0,0,3,0,1,0,1,0,0,
19:05:13cl041419.csv00	,1361400,0,1489257,392537303,-764889872,392537303,-764889872,16,1489257,77500,-1348437,45,89,1338,-1300,-7472,2379,0,0,0,0,3,0,1,0,1,0,0,
19:05:13cl041419.csv00	,1361733,0,1489257,392537303,-764889872,392537303,-764889872,16,1489257,77500,-1348437,45,89,1338,-1304,-7450,2422,0,0,0,0,3,0,1,0,1,0,0,
19:05:14cl041419.csv00	,1362066,0,1489257,392537303,-764889872,392537303,-764889872,16,1489257,77500,-1348437,45,89,1338,-1309,-7450,2400,0,0,0,0,3,0,1,0,1,0,0,
19:05:14cl041419.csv00	,1362399,0,1489275,392537301,-764889874,392537301,-764889874,14,1489275,76562,-1348315,43,89,1338,-1304,-7450,2379,0,0,0,0,3,0,1,0,1,0,0,
19:05:14cl041419.csv00	,1362732,0,1489275,392537301,-764889874,392537301,-764889874,14,1489275,76562,-1348315,43,89,1338,-1300,-7472,2400,0,0,0,0,3,0,1,0,1,0,0,
19:05:15cl041419.csv00	,1363065,0,1489275,392537301,-764889874,392537301,-764889874,14,1489275,76562,-1348315,43,89,1336,-1304,-7472,2400,0,0,0,0,3,0,1,0,1,0,0,
19:05:15cl041419.csv00	,1363398,0,1489291,392537298,-764889874,392537298,-764889874,24,1489291,63871,-1340937,39,89,1338,-1304,-7472,2400,0,0,0,0,3,0,1,0,1,0,0,
19:05:15cl041419.csv00	,1363731,0,1489291,392537298,-764889874,392537298,-764889874,24,1489291,63871,-1340937,39,89,1338,-1304,-7450,2379,0,0,0,0,3,0,1,0,1,0,0,
19:05:16cl041419.csv00	,1364065,0,1489291,392537298,-764889874,392537298,-764889874,24,1489291,63871,-1340937,39,89,1336,-1300,-7450,2357,0,0,0,0,3,0,1,0,1,0,0,
19:05:16cl041419.csv00	,1364803,0,1489291,392537298,-764889874,392537298,-764889874,9,1489306,69450,-1349375,1,89,1338,-1309,-7493,2400,0,0,0,0,3,0,1,0,1,0,0,
19:05:17cl041419.csv00	,1365135,0,1489291,392537298,-764889874,392537298,-764889874,9,1489306,69450,-1349375,1,89,1317,-1287,-7407,2379,0,0,0,0,3,0,1,0,1,0,0,
19:05:17cl041419.csv00	,1365468,0,1489318,392537297,-764889872,392537297,-764889872,14,1489318,74546,-1341585,0,89,1338,-1304,-7450,2379,0,0,0,0,3,0,1,0,1,0,0,
19:05:17cl041419.csv00	,1365801,0,1489318,392537297,-764889872,392537297,-764889872,14,1489318,74546,-1341585,0,89,1338,-1304,-7450,2400,0,0,0,0,3,0,1,0,1,0,0,
19:05:18cl041419.csv00	,1366135,0,1489318,392537297,-764889872,392537297,-764889872,14,1489318,74546,-1341585,0,89,1338,-1300,-7429,2422,0,0,0,0,3,0,1,0,1,0,0,
19:05:18cl041419.csv00	,1366467,0,1489329,392537297,-764889873,392537297,-764889873,14,1489329,71484,-1343437,0,89,1338,-1304,-7472,2400,0,0,0,0,3,0,1,0,1,0,0,
19:05:18cl041419.csv00	,1366804,0,1489329,392537297,-764889873,392537297,-764889873,14,1489329,71484,-1343437,0,89,1338,-1300,-7472,2400,0,0,0,0,3,0,1,0,1,0,0,
19:05:19cl041419.csv00	,1367133,0,1489329,392537297,-764889873,392537297,-764889873,14,1489329,71484,-1343437,0,89,1336,-1300,-7472,2400,0,0,0,0,3,0,1,0,1,0,0,
19:05:19cl041419.csv00	,1367466,0,1489339,392537297,-764889874,392537297,-764889874,10,1489339,63749,-1334375,0,89,1338,-1300,-7472,2400,0,0,0,0,3,0,1,0,1,0,0,
19:05:19cl041419.csv00	,1367799,0,1489339,392537297,-764889874,392537297,-764889874,10,1489339,63749,-1334375,0,89,1338,-1300,-7429,2400,0,0,0,0,3,0,1,0,1,0,0,
19:05:20cl041419.csv00	,1368132,0,1489339,392537297,-764889874,392537297,-764889874,10,1489339,63749,-1334375,0,89,1338,-1304,-7450,2379,0,0,0,0,3,0,1,0,1,0,0,
19:05:20cl041419.csv00	,1368465,0,1489348,392537299,-764889873,392537299,-764889873,14,1489348,73750,-1344613,0,89,1338,-1300,-7450,2357,0,0,0,0,3,0,1,0,1,0,0,
19:05:20cl041419.csv00	,1368798,0,1489348,392537299,-764889873,392537299,-764889873,14,1489348,73750,-1344613,0,89,1338,-1300,-7450,2379,0,0,0,0,3,0,1,0,1,0,0,
19:05:21cl041419.csv00	,1369131,0,1489348,392537299,-764889873,392537299,-764889873,14,1489348,73750,-1344613,0,89,1338,-1300,-7472,2422,0,0,0,0,3,0,1,0,1,0,0,
19:05:21cl041419.csv00	,1369465,0,1489355,392537300,-764889873,392537300,-764889873,7,1489355,73437,-1348668,0,89,1336,-1304,-7450,2379,0,0,0,0,3,0,1,0,1,0,0,
19:05:21cl041419.csv00	,1369797,0,1489355,392537300,-764889873,392537300,-764889873,7,1489355,73437,-1348668,0,89,1338,-1304,-7472,2379,0,0,0,0,3,0,1,0,1,0,0,
19:05:22cl041419.csv00	,1370130,0,1489355,392537300,-764889873,392537300,-764889873,7,1489355,73437,-1348668,0,89,1336,-1300,-7450,2379,0,0,0,0,3,0,1,0,1,0,0,
19:05:22cl041419.csv00	,1370463,0,1489362,392537303,-764889874,392537303,-764889874,10,1489362,74375,-1351369,0,89,1338,-1304,-7472,2379,0,0,0,0,3,0,1,0,1,0,0,
19:05:22cl041419.csv00	,1370796,0,1489362,392537303,-764889874,392537303,-764889874,10,1489362,74375,-1351369,0,89,1338,-1304,-7472,2357,0,0,0,0,3,0,1,0,1,0,0,
19:05:23cl041419.csv00	,1371129,0,1489362,392537303,-764889874,392537303,-764889874,10,1489362,74375,-1351369,0,89,1338,-1304,-7472,2400,0,0,0,0,3,0,1,0,1,0,0,
19:05:23cl041419.csv00	,1371462,0,1489368,392537305,-764889874,392537305,-764889874,8,1489368,73576,-1344840,0,89,1340,-1304,-7472,2400,0,0,0,0,3,0,1,0,1,0,0,
19:05:23cl041419.csv00	,1371795,0,1489368,392537305,-764889874,392537305,-764889874,8,1489368,73576,-1344840,0,89,1336,-1300,-7450,2357,0,0,0,0,3,0,1,0,1,0,0,
19:05:24cl041419.csv00	,1372132,0,1489368,392537305,-764889874,392537305,-764889874,8,1489368,73576,-1344840,0,89,1338,-1300,-7472,2400,0,0,0,0,3,0,1,0,1,0,0,
19:05:24cl041419.csv00	,1372461,0,1489373,392537305,-764889876,392537305,-764889876,12,1489373,77500,-1342318,0,89,1336,-1300,-7450,2379,0,0,0,0,3,0,1,0,1,0,0,
19:05:24cl041419.csv00	,1372795,0,1489373,392537305,-764889876,392537305,-764889876,12,1489373,77500,-1342318,0,89,1338,-1300,-7472,2379,0,0,0,0,3,0,1,0,1,0,0,
19:05:25cl041419.csv00	,1373127,0,1489373,392537305,-764889876,392537305,-764889876,12,1489373,77500,-1342318,0,89,1338,-1304,-7450,2379,0,0,0,0,3,0,1,0,1,0,0,
19:05:25cl041419.csv00	,1373460,0,1489377,392537305,-764889874,392537305,-764889874,9,1489377,72500,-1354062,0,89,1336,-1304,-7472,2400,0,0,0,0,3,0,1,0,1,0,0,
19:05:25cl041419.csv00	,1373793,0,1489377,392537305,-764889874,392537305,-764889874,9,1489377,72500,-1354062,0,89,1340,-1304,-7450,2379,0,0,0,0,3,0,1,0,1,0,0,
19:05:26cl041419.csv00	,1374126,0,1489377,392537305,-764889874,392537305,-764889874,9,1489377,72500,-1354062,0,89,1336,-1304,-7472,2400,0,0,0,0,3,0,1,0,1,0,0,
19:05:26cl041419.csv00	,1374459,0,1489381,392537306,-764889874,392537306,-764889874,9,1489381,74970,-1348750,0,89,1338,-1300,-7472,2422,0,0,0,0,3,0,1,0,1,0,0,
19:05:26cl041419.csv00	,1374792,0,1489381,392537306,-764889874,392537306,-764889874,9,1489381,74970,-1348750,0,89,1338,-1304,-7493,2357,0,0,0,0,3,0,1,0,1,0,0,
19:05:27cl041419.csv00	,1375532,0,1489381,392537306,-764889874,392537306,-764889874,9,1489381,74970,-1348750,0,89,1336,-1309,-7450,2422,0,0,0,0,3,0,1,0,1,0,0,
19:05:27cl041419.csv00	,1375864,0,1489385,392537307,-764889876,392537307,-764889876,17,1489385,79687,-1342500,0,89,1323,-1291,-7429,2379,0,0,0,0,3,0,1,0,1,0,0,
19:05:28cl041419.csv00	,1376197,0,1489385,392537307,-764889876,392537307,-764889876,17,1489385,79687,-1342500,0,89,1338,-1300,-7450,2379,0,0,0,0,3,0,1,0,1,0,0,
19:05:28cl041419.csv00	,1376530,0,1489388,392537308,-764889877,392537308,-764889877,17,1489388,72187,-1344007,0,87,1338,-1304,-7472,2400,0,0,0,0,3,0,1,0,1,0,0,
19:05:28cl041419.csv00	,1376863,0,1489388,392537308,-764889877,392537308,-764889877,17,1489388,72187,-1344007,0,87,1338,-1300,-7450,2379,0,0,0,0,3,0,1,0,1,0,0,
19:05:29cl041419.csv00	,1377196,0,1489388,392537308,-764889877,392537308,-764889877,17,1489388,72187,-1344007,0,87,1338,-1300,-7472,2400,0,0,0,0,3,0,1,0,1,0,0,
19:05:29cl041419.csv00	,1377529,0,1489391,392537310,-764889878,392537310,-764889878,1,1489391,72500,-1343642,0,89,1336,-1300,-7450,2379,0,0,0,0,3,0,1,0,1,0,0,
19:05:29cl041419.csv00	,1377862,0,1489391,392537310,-764889878,392537310,-764889878,1,1489391,72500,-1343642,0,89,1336,-1304,-7493,2400,0,0,0,0,3,0,1,0,1,0,0,
19:05:30cl041419.csv00	,1378195,0,1489391,392537310,-764889878,392537310,-764889878,1,1489391,72500,-1343642,0,89,1336,-1304,-7450,2400,0,0,0,0,3,0,1,0,1,0,0,
19:05:30cl041419.csv00	,1378528,0,1489393,392537313,-764889877,392537313,-764889877,1,1489393,69687,-1357500,0,89,1338,-1304,-7472,2422,0,0,0,0,3,0,1,0,1,0,0,
19:05:30cl041419.csv00	,1378861,0,1489393,392537313,-764889877,392537313,-764889877,1,1489393,69687,-1357500,0,89,1338,-1300,-7472,2379,0,0,0,0,3,0,1,0,1,0,0,
19:05:31cl041419.csv00	,1379194,0,1489393,392537313,-764889877,392537313,-764889877,1,1489393,69687,-1357500,0,89,1338,-1300,-7472,2379,0,0,0,0,3,0,1,0,1,0,0,
19:05:31cl041419.csv00	,1379527,0,1489395,392537316,-764889878,392537316,-764889878,8,1489395,75659,-1353125,0,89,1336,-1304,-7450,2379,0,0,0,0,3,0,1,0,1,0,0,
19:05:31cl041419.csv00	,1379860,0,1489395,392537316,-764889878,392537316,-764889878,8,1489395,75659,-1353125,0,89,1338,-1304,-7472,2379,0,0,0,0,3,0,1,0,1,0,0,
19:05:32cl041419.csv00	,1380193,0,1489395,392537316,-764889878,392537316,-764889878,8,1489395,75659,-1353125,0,89,1338,-1304,-7472,2422,0,0,0,0,3,0,1,0,1,0,0,
19:05:32cl041419.csv00	,1380526,0,1489397,392537319,-764889878,392537319,-764889878,8,1489397,76081,-1355963,0,89,1338,-1304,-7450,2379,0,0,0,0,3,0,1,0,1,0,0,
19:05:32cl041419.csv00	,1380859,0,1489397,392537319,-764889878,392537319,-764889878,8,1489397,76081,-1355963,0,89,1338,-1304,-7450,2400,0,0,0,0,3,0,1,0,1,0,0,
19:05:33cl041419.csv00	,1381192,0,1489397,392537319,-764889878,392537319,-764889878,8,1489397,76081,-1355963,0,89,1338,-1304,-7472,2379,0,0,0,0,3,0,1,0,1,0,0,
19:05:33cl041419.csv00	,1381525,0,1489399,392537324,-764889876,392537324,-764889876,14,1489399,75625,-1338750,0,89,1336,-1304,-7450,2379,0,0,0,0,3,0,1,0,1,0,0,
19:05:33cl041419.csv00	,1381858,0,1489399,392537324,-764889876,392537324,-764889876,14,1489399,75625,-1338750,0,89,1338,-1300,-7450,2400,0,0,0,0,3,0,1,0,1,0,0,
19:05:34cl041419.csv00	,1382191,0,1489399,392537324,-764889876,392537324,-764889876,14,1489399,75625,-1338750,0,89,1336,-1300,-7450,2422,0,0,0,0,3,0,1,0,1,0,0,
19:05:34cl041419.csv00	,1382524,0,1489400,392537326,-764889875,392537326,-764889875,13,1489400,65415,-1331250,0,89,1338,-1300,-7450,2400,0,0,0,0,3,0,1,0,1,0,0,
19:05:34cl041419.csv00	,1382857,0,1489400,392537326,-764889875,392537326,-764889875,13,1489400,65415,-1331250,0,89,1338,-1300,-7472,2422,0,0,0,0,3,0,1,0,1,0,0,
19:05:35cl041419.csv00	,1383190,0,1489400,392537326,-764889875,392537326,-764889875,13,1489400,65415,-1331250,0,89,1338,-1309,-7472,2422,0,0,0,0,3,0,1,0,1,0,0,
19:05:35cl041419.csv00	,1383523,0,1489401,392537328,-764889874,392537328,-764889874,11,1489401,70312,-1346587,0,89,1338,-1300,-7450,2379,0,0,0,0,3,0,1,0,1,0,0,
19:05:35cl041419.csv00	,1383856,0,1489401,392537328,-764889874,392537328,-764889874,11,1489401,70312,-1346587,0,89,1338,-1304,-7450,2379,0,0,0,0,3,0,1,0,1,0,0,
19:05:36cl041419.csv00	,1384193,0,1489401,392537328,-764889874,392537328,-764889874,11,1489401,70312,-1346587,0,89,1338,-1304,-7450,2400,0,0,0,0,3,0,1,0,1,0,0,
19:05:36cl041419.csv00	,1384522,0,1489402,392537329,-764889874,392537329,-764889874,17,1489402,70000,-1345070,0,89,1338,-1300,-7472,2400,0,0,0,0,3,0,1,0,1,0,0,
19:05:36cl041419.csv00	,1384855,0,1489402,392537329,-764889874,392537329,-764889874,17,1489402,70000,-1345070,0,89,1336,-1300,-7472,2379,0,0,0,0,3,0,1,0,1,0,0,
19:05:37cl041419.csv00	,1385188,0,1489402,392537329,-764889874,392537329,-764889874,17,1489402,70000,-1345070,0,89,1338,-1304,-7472,2400,0,0,0,0,3,0,1,0,1,0,0,
19:05:37cl041419.csv00	,1385521,0,1489403,392537330,-764889874,392537330,-764889874,11,1489403,77500,-1352500,0,89,1338,-1304,-7472,2400,0,0,0,0,3,0,1,0,1,0,0,
19:05:38cl041419.csv00	,1386260,0,1489403,392537330,-764889874,392537330,-764889874,11,1489403,77500,-1352500,0,89,1336,-1309,-7493,2400,0,0,0,0,3,0,1,0,1,0,0,
19:05:38cl041419.csv00	,1386592,0,1489403,392537330,-764889874,392537330,-764889874,22,1489404,64687,-1352812,0,89,1317,-1287,-7450,2400,0,0,0,0,3,0,1,0,1,0,0,
19:05:38cl041419.csv00	,1386925,0,1489403,392537330,-764889874,392537330,-764889874,22,1489404,64687,-1352812,0,89,1338,-1304,-7450,2400,0,0,0,0,3,0,1,0,1,0,0,
19:05:39cl041419.csv00	,1387258,0,1489403,392537330,-764889874,392537330,-764889874,22,1489404,64687,-1352812,0,89,1336,-1304,-7472,2379,0,0,0,0,3,0,1,0,1,0,0,
19:05:39cl041419.csv00	,1387591,0,1489405,392537331,-764889873,392537331,-764889873,13,1489405,82318,-1355405,0,89,1336,-1304,-7472,2400,0,0,0,0,3,0,1,0,1,0,0,
19:05:39cl041419.csv00	,1387924,0,1489405,392537331,-764889873,392537331,-764889873,13,1489405,82318,-1355405,0,89,1338,-1304,-7450,2379,0,0,0,0,3,0,1,0,1,0,0,
19:05:40cl041419.csv00	,1388257,0,1489405,392537331,-764889873,392537331,-764889873,13,1489405,82318,-1355405,0,89,1336,-1300,-7450,2400,0,0,0,0,3,0,1,0,1,0,0,
19:05:40cl041419.csv00	,1388590,0,1489406,392537334,-764889872,392537334,-764889872,21,1489406,61250,-1354430,0,89,1338,-1304,-7472,2379,0,0,0,0,3,0,1,0,1,0,0,
19:05:40cl041419.csv00	,1388923,0,1489406,392537334,-764889872,392537334,-764889872,21,1489406,61250,-1354430,0,89,1338,-1300,-7450,2379,0,0,0,0,3,0,1,0,1,0,0,
19:05:42cl041419.csv00	,1390375,0,1489406,392537334,-764889872,392537334,-764889872,21,1489406,61250,-1354430,0,89,1338,-1300,-7472,2400,0,0,0,0,3,0,1,0,1,0,0,
19:05:42cl041419.csv00	,1390707,0,1489407,392537340,-764889867,392537340,-764889867,11,1489407,72500,-1354959,0,89,1340,-1309,-7450,2422,0,0,0,0,3,0,1,0,1,0,0,
19:05:43cl041419.csv00	,1391044,0,1489407,392537340,-764889867,392537340,-764889867,11,1489407,72500,-1354959,0,89,1338,-1304,-7472,2422,0,0,0,0,3,0,1,0,1,0,0,
19:05:48cl041419.csv00	,1396207,0,1489407,392537343,-764889864,392537343,-764889864,7,1489407,66816,-1347410,0,89,1338,-1304,-7472,2400,0,0,0,0,3,0,1,0,1,0,0,
19:06:01cl041419.csv00	,1409179,0,1489409,392537352,-764889851,392537352,-764889851,6,1489409,70625,-1341562,0,89,1338,-1300,-7386,2486,0,0,0,0,3,0,1,0,1,0,0,
19:06:01cl041419.csv00	,1409910,0,1489410,392537350,-764889839,392537350,-764889839,3,1489410,78591,-1345625,0,87,1338,-1274,-7321,2508,0,0,0,0,3,0,1,0,1,0,0,
19:06:02cl041419.csv00	,1410242,0,1489410,392537350,-764889839,392537350,-764889839,3,1489410,78591,-1345625,0,87,1325,-1296,-7407,2400,0,0,0,0,3,0,1,0,1,0,0,
